*   Trying 66.185.182.49:443...
* Connected to apitest.cybersource.com (66.185.182.49) port 443
* ALPN: curl offers h2,http/1.1
*  CAfile: D:\xampp\htdocs\ahmed-admin-qa\vendor\cybersource\rest-client-php\lib\ssl/cacert.pem
*  CApath: none
* SSL connection using TLSv1.2 / ECDHE-RSA-AES256-GCM-SHA384
* ALPN: server did not agree on a protocol. Uses default.
* Server certificate:
*  subject: jurisdictionC=US; jurisdictionST=Delaware; businessCategory=Private Organization; serialNumber=802339; C=US; ST=California; L=Foster City; O=Visa International Service Association; CN=apitest.cybersource.com
*  start date: Jul  7 00:00:00 2025 GMT
*  expire date: Jul  6 23:59:59 2026 GMT
*  subjectAltName: host "apitest.cybersource.com" matched cert's "apitest.cybersource.com"
*  issuer: C=US; O=DigiCert Inc; CN=DigiCert EV RSA CA G2
*  SSL certificate verify ok.
* using HTTP/1.x
> POST /up/v1/capture-contexts HTTP/1.1
Host: apitest.cybersource.com
User-Agent: Swagger-Codegen/1.0.0/php
Accept:  application/jwt
Content-Type:  application/json
v-c-merchant-id: cbq_510000669_test
Signature: keyid="7e6fe91b-5753-48c5-a9c1-d403695ffa1b", algorithm="HmacSHA256", headers="host date request-target digest v-c-merchant-id", signature="l2FP7P5kT6yxBzozyoHlblj0rWx8LQ9JLXk80go6Fq8="
Date: Mon, 06 Oct 2025 17:58:45 GMT
v-c-client-id: cybs-rest-sdk-php-0.0.65
Digest:  SHA-256=O4RSGYcnx0j9OWnbNvpdv5ApDnIIR8nJFCIYcOJ6piw=
Content-Length: 511

< HTTP/1.1 201 Created
< v-c-merchant-id: cbq_510000669_test
< v-c-session-id: aec20529-12f9-4824-b8da-a29f49187636
< content-type: application/jwt
< cache-control: no-store
< pragma: no-cache
< content-length: 5117
< x-envoy-upstream-service-time: 40
< date: Mon, 06 Oct 2025 13:58:46 GMT
< server: istio-envoy
< Connection: keep-alive
< Strict-Transport-Security: max-age=31536000
< v-c-correlation-id: fa982856-0c35-4d30-abe0-ea15ad62c1d3
< X-OPNET-Transaction-Trace: 934de25f-e7ea-4bd1-be1c-02ab3dbc7a6b-1228642-19508116
< 
* Connection #0 to host apitest.cybersource.com left intact
*   Trying 66.185.182.49:443...
* Connected to apitest.cybersource.com (66.185.182.49) port 443
* ALPN: curl offers h2,http/1.1
*  CAfile: D:\xampp\htdocs\ahmed-admin-qa\vendor\cybersource\rest-client-php\lib\ssl/cacert.pem
*  CApath: none
* SSL connection using TLSv1.2 / ECDHE-RSA-AES256-GCM-SHA384
* ALPN: server did not agree on a protocol. Uses default.
* Server certificate:
*  subject: jurisdictionC=US; jurisdictionST=Delaware; businessCategory=Private Organization; serialNumber=802339; C=US; ST=California; L=Foster City; O=Visa International Service Association; CN=apitest.cybersource.com
*  start date: Jul  7 00:00:00 2025 GMT
*  expire date: Jul  6 23:59:59 2026 GMT
*  subjectAltName: host "apitest.cybersource.com" matched cert's "apitest.cybersource.com"
*  issuer: C=US; O=DigiCert Inc; CN=DigiCert EV RSA CA G2
*  SSL certificate verify ok.
* using HTTP/1.x
> POST /up/v1/capture-contexts HTTP/1.1
Host: apitest.cybersource.com
User-Agent: Swagger-Codegen/1.0.0/php
Accept:  application/jwt
Content-Type:  application/json
v-c-merchant-id: cbq_510000669_test
Signature: keyid="7e6fe91b-5753-48c5-a9c1-d403695ffa1b", algorithm="HmacSHA256", headers="host date request-target digest v-c-merchant-id", signature="pB5oAsAb7JP1HOi4KuAXBjshTYq9hx5/GCJNdlCk7fk="
Date: Tue, 07 Oct 2025 10:10:55 GMT
v-c-client-id: cybs-rest-sdk-php-0.0.65
Digest:  SHA-256=O4RSGYcnx0j9OWnbNvpdv5ApDnIIR8nJFCIYcOJ6piw=
Content-Length: 511

< HTTP/1.1 201 Created
< v-c-merchant-id: cbq_510000669_test
< v-c-session-id: 95583707-b958-41ab-95fb-49baa3317841
< content-type: application/jwt
< cache-control: no-store
< pragma: no-cache
< content-length: 5117
< x-envoy-upstream-service-time: 24
< date: Tue, 07 Oct 2025 06:10:56 GMT
< server: istio-envoy
< Connection: keep-alive
< Strict-Transport-Security: max-age=31536000
< v-c-correlation-id: 42eb2218-6ffe-4a69-9f8c-e48799ddb2d6
< X-OPNET-Transaction-Trace: 5f3257e4-1d41-4a51-848f-80f132d6b33e-1180516-21988171
< 
* Connection #0 to host apitest.cybersource.com left intact
*   Trying 66.185.182.49:443...
* Connected to apitest.cybersource.com (66.185.182.49) port 443
* ALPN: curl offers h2,http/1.1
*  CAfile: D:\xampp\htdocs\ahmed-admin-qa\vendor\cybersource\rest-client-php\lib\ssl/cacert.pem
*  CApath: none
* SSL connection using TLSv1.2 / ECDHE-RSA-AES256-GCM-SHA384
* ALPN: server did not agree on a protocol. Uses default.
* Server certificate:
*  subject: jurisdictionC=US; jurisdictionST=Delaware; businessCategory=Private Organization; serialNumber=802339; C=US; ST=California; L=Foster City; O=Visa International Service Association; CN=apitest.cybersource.com
*  start date: Jul  7 00:00:00 2025 GMT
*  expire date: Jul  6 23:59:59 2026 GMT
*  subjectAltName: host "apitest.cybersource.com" matched cert's "apitest.cybersource.com"
*  issuer: C=US; O=DigiCert Inc; CN=DigiCert EV RSA CA G2
*  SSL certificate verify ok.
* using HTTP/1.x
> POST /up/v1/capture-contexts HTTP/1.1
Host: apitest.cybersource.com
User-Agent: Swagger-Codegen/1.0.0/php
Accept:  application/jwt
Content-Type:  application/json
v-c-merchant-id: cbq_510000669_test
Signature: keyid="7e6fe91b-5753-48c5-a9c1-d403695ffa1b", algorithm="HmacSHA256", headers="host date request-target digest v-c-merchant-id", signature="4U6bXYagFRyIW2wqhZ8CnWoQl4wGOvCy9KgpnN0O9hU="
Date: Tue, 07 Oct 2025 10:14:30 GMT
v-c-client-id: cybs-rest-sdk-php-0.0.65
Digest:  SHA-256=O4RSGYcnx0j9OWnbNvpdv5ApDnIIR8nJFCIYcOJ6piw=
Content-Length: 511

< HTTP/1.1 201 Created
< v-c-merchant-id: cbq_510000669_test
< v-c-session-id: 194a88f1-df77-4ff7-ae8c-654e7986ec59
< content-type: application/jwt
< cache-control: no-store
< pragma: no-cache
< content-length: 5117
< x-envoy-upstream-service-time: 36
< date: Tue, 07 Oct 2025 06:14:31 GMT
< server: istio-envoy
< Connection: keep-alive
< Strict-Transport-Security: max-age=31536000
< v-c-correlation-id: ab8b1784-147d-4ff8-9ae0-74d46d80e1cc
< X-OPNET-Transaction-Trace: 5f3257e4-1d41-4a51-848f-80f132d6b33e-1180516-21996762
< 
* Connection #0 to host apitest.cybersource.com left intact
*   Trying 66.185.182.49:443...
* Connected to apitest.cybersource.com (66.185.182.49) port 443
* ALPN: curl offers h2,http/1.1
*  CAfile: D:\xampp\htdocs\ahmed-admin-qa\vendor\cybersource\rest-client-php\lib\ssl/cacert.pem
*  CApath: none
* SSL connection using TLSv1.2 / ECDHE-RSA-AES256-GCM-SHA384
* ALPN: server did not agree on a protocol. Uses default.
* Server certificate:
*  subject: jurisdictionC=US; jurisdictionST=Delaware; businessCategory=Private Organization; serialNumber=802339; C=US; ST=California; L=Foster City; O=Visa International Service Association; CN=apitest.cybersource.com
*  start date: Jul  7 00:00:00 2025 GMT
*  expire date: Jul  6 23:59:59 2026 GMT
*  subjectAltName: host "apitest.cybersource.com" matched cert's "apitest.cybersource.com"
*  issuer: C=US; O=DigiCert Inc; CN=DigiCert EV RSA CA G2
*  SSL certificate verify ok.
* using HTTP/1.x
> POST /up/v1/capture-contexts HTTP/1.1
Host: apitest.cybersource.com
User-Agent: Swagger-Codegen/1.0.0/php
Accept:  application/jwt
Content-Type:  application/json
v-c-merchant-id: cbq_510000669_test
Signature: keyid="7e6fe91b-5753-48c5-a9c1-d403695ffa1b", algorithm="HmacSHA256", headers="host date request-target digest v-c-merchant-id", signature="LPfWmCre6uhSwXawbW6g5DxeDka4Uf4jsGBpcJxLnyY="
Date: Tue, 07 Oct 2025 10:16:00 GMT
v-c-client-id: cybs-rest-sdk-php-0.0.65
Digest:  SHA-256=O4RSGYcnx0j9OWnbNvpdv5ApDnIIR8nJFCIYcOJ6piw=
Content-Length: 511

< HTTP/1.1 201 Created
< v-c-merchant-id: cbq_510000669_test
< v-c-session-id: e4a366a6-362d-4cff-8706-df2e72117355
< content-type: application/jwt
< cache-control: no-store
< pragma: no-cache
< content-length: 5117
< x-envoy-upstream-service-time: 23
< date: Tue, 07 Oct 2025 06:16:01 GMT
< server: istio-envoy
< Connection: keep-alive
< Strict-Transport-Security: max-age=31536000
< v-c-correlation-id: 4ce1db77-7514-4e0b-be10-b0730e7910ac
< X-OPNET-Transaction-Trace: 255df1e0-83d6-4275-89d7-91f2b2cc0c4e-1210023-22016594
< 
* Connection #0 to host apitest.cybersource.com left intact
*   Trying 66.185.182.49:443...
* Connected to apitest.cybersource.com (66.185.182.49) port 443
* ALPN: curl offers h2,http/1.1
*  CAfile: D:\xampp\htdocs\ahmed-admin-qa\vendor\cybersource\rest-client-php\lib\ssl/cacert.pem
*  CApath: none
* SSL connection using TLSv1.2 / ECDHE-RSA-AES256-GCM-SHA384
* ALPN: server did not agree on a protocol. Uses default.
* Server certificate:
*  subject: jurisdictionC=US; jurisdictionST=Delaware; businessCategory=Private Organization; serialNumber=802339; C=US; ST=California; L=Foster City; O=Visa International Service Association; CN=apitest.cybersource.com
*  start date: Jul  7 00:00:00 2025 GMT
*  expire date: Jul  6 23:59:59 2026 GMT
*  subjectAltName: host "apitest.cybersource.com" matched cert's "apitest.cybersource.com"
*  issuer: C=US; O=DigiCert Inc; CN=DigiCert EV RSA CA G2
*  SSL certificate verify ok.
* using HTTP/1.x
> POST /up/v1/capture-contexts HTTP/1.1
Host: apitest.cybersource.com
User-Agent: Swagger-Codegen/1.0.0/php
Accept:  application/jwt
Content-Type:  application/json
v-c-merchant-id: cbq_510000669_test
Signature: keyid="7e6fe91b-5753-48c5-a9c1-d403695ffa1b", algorithm="HmacSHA256", headers="host date request-target digest v-c-merchant-id", signature="GZm0kZQpgkbc5vqOiM/mCHf4hCbEYGmERgQJkiakkPY="
Date: Tue, 07 Oct 2025 10:17:07 GMT
v-c-client-id: cybs-rest-sdk-php-0.0.65
Digest:  SHA-256=O4RSGYcnx0j9OWnbNvpdv5ApDnIIR8nJFCIYcOJ6piw=
Content-Length: 511

< HTTP/1.1 201 Created
< v-c-merchant-id: cbq_510000669_test
< v-c-session-id: 7430db9b-d98e-4b6a-8b31-d99d7bed4338
< content-type: application/jwt
< cache-control: no-store
< pragma: no-cache
< content-length: 5117
< x-envoy-upstream-service-time: 20
< date: Tue, 07 Oct 2025 06:17:08 GMT
< server: istio-envoy
< Connection: keep-alive
< Strict-Transport-Security: max-age=31536000
< v-c-correlation-id: bfc4eafb-6499-4874-a6b8-9f9f0e320d6b
< X-OPNET-Transaction-Trace: 5f3257e4-1d41-4a51-848f-80f132d6b33e-1180516-22002698
< 
* Connection #0 to host apitest.cybersource.com left intact
*   Trying 66.185.182.49:443...
* Connected to apitest.cybersource.com (66.185.182.49) port 443
* ALPN: curl offers h2,http/1.1
*  CAfile: D:\xampp\htdocs\ahmed-admin-qa\vendor\cybersource\rest-client-php\lib\ssl/cacert.pem
*  CApath: none
* SSL connection using TLSv1.2 / ECDHE-RSA-AES256-GCM-SHA384
* ALPN: server did not agree on a protocol. Uses default.
* Server certificate:
*  subject: jurisdictionC=US; jurisdictionST=Delaware; businessCategory=Private Organization; serialNumber=802339; C=US; ST=California; L=Foster City; O=Visa International Service Association; CN=apitest.cybersource.com
*  start date: Jul  7 00:00:00 2025 GMT
*  expire date: Jul  6 23:59:59 2026 GMT
*  subjectAltName: host "apitest.cybersource.com" matched cert's "apitest.cybersource.com"
*  issuer: C=US; O=DigiCert Inc; CN=DigiCert EV RSA CA G2
*  SSL certificate verify ok.
* using HTTP/1.x
> POST /up/v1/capture-contexts HTTP/1.1
Host: apitest.cybersource.com
User-Agent: Swagger-Codegen/1.0.0/php
Accept:  application/jwt
Content-Type:  application/json
v-c-merchant-id: cbq_510000669_test
Signature: keyid="7e6fe91b-5753-48c5-a9c1-d403695ffa1b", algorithm="HmacSHA256", headers="host date request-target digest v-c-merchant-id", signature="VqdzAuqn1YTcM0w9xtBpK7IZfmWYnfJeigicZ/wuPT8="
Date: Tue, 07 Oct 2025 11:40:13 GMT
v-c-client-id: cybs-rest-sdk-php-0.0.65
Digest:  SHA-256=1bDrTWN2Oye3iwzZpTz4Gn5/fHLeSy63lj2HHHmb53E=
Content-Length: 638

< HTTP/1.1 400 Bad Request
< v-c-merchant-id: cbq_510000669_test
< v-c-session-id: fc52138e-f036-4f07-8554-fd6e1e352712
< content-type: application/json
< content-length: 547
< x-envoy-upstream-service-time: 4
< date: Tue, 07 Oct 2025 07:40:14 GMT
< server: istio-envoy
< Connection: keep-alive
< Strict-Transport-Security: max-age=31536000
< v-c-correlation-id: e006bbdf-2a15-4d97-a41c-fc382656918c
< X-OPNET-Transaction-Trace: 934de25f-e7ea-4bd1-be1c-02ab3dbc7a6b-1228642-22235516
< 
* Connection #0 to host apitest.cybersource.com left intact
*   Trying 66.185.182.49:443...
* Connected to apitest.cybersource.com (66.185.182.49) port 443
* ALPN: curl offers h2,http/1.1
*  CAfile: D:\xampp\htdocs\ahmed-admin-qa\vendor\cybersource\rest-client-php\lib\ssl/cacert.pem
*  CApath: none
* SSL connection using TLSv1.2 / ECDHE-RSA-AES256-GCM-SHA384
* ALPN: server did not agree on a protocol. Uses default.
* Server certificate:
*  subject: jurisdictionC=US; jurisdictionST=Delaware; businessCategory=Private Organization; serialNumber=802339; C=US; ST=California; L=Foster City; O=Visa International Service Association; CN=apitest.cybersource.com
*  start date: Jul  7 00:00:00 2025 GMT
*  expire date: Jul  6 23:59:59 2026 GMT
*  subjectAltName: host "apitest.cybersource.com" matched cert's "apitest.cybersource.com"
*  issuer: C=US; O=DigiCert Inc; CN=DigiCert EV RSA CA G2
*  SSL certificate verify ok.
* using HTTP/1.x
> POST /up/v1/capture-contexts HTTP/1.1
Host: apitest.cybersource.com
User-Agent: Swagger-Codegen/1.0.0/php
Accept:  application/jwt
Content-Type:  application/json
v-c-merchant-id: cbq_510000669_test
Signature: keyid="7e6fe91b-5753-48c5-a9c1-d403695ffa1b", algorithm="HmacSHA256", headers="host date request-target digest v-c-merchant-id", signature="hxyWVNErXcEFzM0Iwu45/Q+/AbTAQcv8t0N3LAFWxnU="
Date: Tue, 07 Oct 2025 11:40:22 GMT
v-c-client-id: cybs-rest-sdk-php-0.0.65
Digest:  SHA-256=1bDrTWN2Oye3iwzZpTz4Gn5/fHLeSy63lj2HHHmb53E=
Content-Length: 638

< HTTP/1.1 400 Bad Request
< v-c-merchant-id: cbq_510000669_test
< v-c-session-id: ed651d3b-0a79-4427-a5f8-8d5bd8f4ce71
< content-type: application/json
< content-length: 547
< x-envoy-upstream-service-time: 4
< date: Tue, 07 Oct 2025 07:40:23 GMT
< server: istio-envoy
< Connection: keep-alive
< Strict-Transport-Security: max-age=31536000
< v-c-correlation-id: 2fc2b1ac-f4bb-4044-a4f0-2e4329010fa2
< X-OPNET-Transaction-Trace: 255df1e0-83d6-4275-89d7-91f2b2cc0c4e-1210023-22191626
< 
* Connection #0 to host apitest.cybersource.com left intact
*   Trying 66.185.182.49:443...
* Connected to apitest.cybersource.com (66.185.182.49) port 443
* ALPN: curl offers h2,http/1.1
*  CAfile: D:\xampp\htdocs\ahmed-admin-qa\vendor\cybersource\rest-client-php\lib\ssl/cacert.pem
*  CApath: none
* SSL connection using TLSv1.2 / ECDHE-RSA-AES256-GCM-SHA384
* ALPN: server did not agree on a protocol. Uses default.
* Server certificate:
*  subject: jurisdictionC=US; jurisdictionST=Delaware; businessCategory=Private Organization; serialNumber=802339; C=US; ST=California; L=Foster City; O=Visa International Service Association; CN=apitest.cybersource.com
*  start date: Jul  7 00:00:00 2025 GMT
*  expire date: Jul  6 23:59:59 2026 GMT
*  subjectAltName: host "apitest.cybersource.com" matched cert's "apitest.cybersource.com"
*  issuer: C=US; O=DigiCert Inc; CN=DigiCert EV RSA CA G2
*  SSL certificate verify ok.
* using HTTP/1.x
> POST /up/v1/capture-contexts HTTP/1.1
Host: apitest.cybersource.com
User-Agent: Swagger-Codegen/1.0.0/php
Accept:  application/jwt
Content-Type:  application/json
v-c-merchant-id: cbq_510000669_test
Signature: keyid="7e6fe91b-5753-48c5-a9c1-d403695ffa1b", algorithm="HmacSHA256", headers="host date request-target digest v-c-merchant-id", signature="z0a4HanSDKVK6D1kjQD0sSEIBcvpH2WqxooxvThxsfg="
Date: Tue, 07 Oct 2025 11:42:08 GMT
v-c-client-id: cybs-rest-sdk-php-0.0.65
Digest:  SHA-256=1bDrTWN2Oye3iwzZpTz4Gn5/fHLeSy63lj2HHHmb53E=
Content-Length: 638

< HTTP/1.1 400 Bad Request
< v-c-merchant-id: cbq_510000669_test
< v-c-session-id: 8d3ee527-4e92-4c74-be42-d382302b9121
< content-type: application/json
< content-length: 547
< x-envoy-upstream-service-time: 3
< date: Tue, 07 Oct 2025 07:42:09 GMT
< server: istio-envoy
< Connection: keep-alive
< Strict-Transport-Security: max-age=31536000
< v-c-correlation-id: 8e09d8b3-62bc-44d6-98cc-1a5d30c6366e
< X-OPNET-Transaction-Trace: 255df1e0-83d6-4275-89d7-91f2b2cc0c4e-1210023-22196234
< 
* Connection #0 to host apitest.cybersource.com left intact
*   Trying 66.185.182.49:443...
* Connected to apitest.cybersource.com (66.185.182.49) port 443
* ALPN: curl offers h2,http/1.1
*  CAfile: D:\xampp\htdocs\ahmed-admin-qa\vendor\cybersource\rest-client-php\lib\ssl/cacert.pem
*  CApath: none
* SSL connection using TLSv1.2 / ECDHE-RSA-AES256-GCM-SHA384
* ALPN: server did not agree on a protocol. Uses default.
* Server certificate:
*  subject: jurisdictionC=US; jurisdictionST=Delaware; businessCategory=Private Organization; serialNumber=802339; C=US; ST=California; L=Foster City; O=Visa International Service Association; CN=apitest.cybersource.com
*  start date: Jul  7 00:00:00 2025 GMT
*  expire date: Jul  6 23:59:59 2026 GMT
*  subjectAltName: host "apitest.cybersource.com" matched cert's "apitest.cybersource.com"
*  issuer: C=US; O=DigiCert Inc; CN=DigiCert EV RSA CA G2
*  SSL certificate verify ok.
* using HTTP/1.x
> POST /up/v1/capture-contexts HTTP/1.1
Host: apitest.cybersource.com
User-Agent: Swagger-Codegen/1.0.0/php
Accept:  application/jwt
Content-Type:  application/json
v-c-merchant-id: cbq_510000669_test
Signature: keyid="7e6fe91b-5753-48c5-a9c1-d403695ffa1b", algorithm="HmacSHA256", headers="host date request-target digest v-c-merchant-id", signature="QFMOCFYIsD1hIrn0W1hmh280BgD17e2ARnsmjKnvV8w="
Date: Tue, 07 Oct 2025 11:42:56 GMT
v-c-client-id: cybs-rest-sdk-php-0.0.65
Digest:  SHA-256=ggo05KOH5bVc2OEFjYlmD7yIO76RA7Z1w4U4s3hXbzI=
Content-Length: 640

< HTTP/1.1 400 Bad Request
< v-c-merchant-id: cbq_510000669_test
< v-c-session-id: 16f79a2b-e207-4e01-b7c3-afa0fcc5b23b
< content-type: application/json
< content-length: 526
< x-envoy-upstream-service-time: 4
< date: Tue, 07 Oct 2025 07:42:57 GMT
< server: istio-envoy
< Connection: keep-alive
< Strict-Transport-Security: max-age=31536000
< v-c-correlation-id: e516fa27-952a-4c5a-b1e6-a5f9cea577bc
< X-OPNET-Transaction-Trace: 934de25f-e7ea-4bd1-be1c-02ab3dbc7a6b-1228642-22242375
< 
* Connection #0 to host apitest.cybersource.com left intact
*   Trying 66.185.182.49:443...
* Connected to apitest.cybersource.com (66.185.182.49) port 443
* ALPN: curl offers h2,http/1.1
*  CAfile: D:\xampp\htdocs\ahmed-admin-qa\vendor\cybersource\rest-client-php\lib\ssl/cacert.pem
*  CApath: none
* SSL connection using TLSv1.2 / ECDHE-RSA-AES256-GCM-SHA384
* ALPN: server did not agree on a protocol. Uses default.
* Server certificate:
*  subject: jurisdictionC=US; jurisdictionST=Delaware; businessCategory=Private Organization; serialNumber=802339; C=US; ST=California; L=Foster City; O=Visa International Service Association; CN=apitest.cybersource.com
*  start date: Jul  7 00:00:00 2025 GMT
*  expire date: Jul  6 23:59:59 2026 GMT
*  subjectAltName: host "apitest.cybersource.com" matched cert's "apitest.cybersource.com"
*  issuer: C=US; O=DigiCert Inc; CN=DigiCert EV RSA CA G2
*  SSL certificate verify ok.
* using HTTP/1.x
> POST /up/v1/capture-contexts HTTP/1.1
Host: apitest.cybersource.com
User-Agent: Swagger-Codegen/1.0.0/php
Accept:  application/jwt
Content-Type:  application/json
v-c-merchant-id: cbq_510000669_test
Signature: keyid="7e6fe91b-5753-48c5-a9c1-d403695ffa1b", algorithm="HmacSHA256", headers="host date request-target digest v-c-merchant-id", signature="yV8DGsvxeDWZj3nObJXnnFLUNncNqurUewT+R878qVw="
Date: Tue, 07 Oct 2025 11:49:39 GMT
v-c-client-id: cybs-rest-sdk-php-0.0.65
Digest:  SHA-256=ggo05KOH5bVc2OEFjYlmD7yIO76RA7Z1w4U4s3hXbzI=
Content-Length: 640

< HTTP/1.1 400 Bad Request
< v-c-merchant-id: cbq_510000669_test
< v-c-session-id: 868a17f9-af56-492b-931b-c1bb11b4a0a2
< content-type: application/json
< content-length: 526
< x-envoy-upstream-service-time: 1
< date: Tue, 07 Oct 2025 07:49:40 GMT
< server: istio-envoy
< Connection: keep-alive
< Strict-Transport-Security: max-age=31536000
< v-c-correlation-id: 5f1a7b8b-1cbe-474d-b387-7e559c09fcc3
< X-OPNET-Transaction-Trace: 255df1e0-83d6-4275-89d7-91f2b2cc0c4e-1210023-22214314
< 
* Connection #0 to host apitest.cybersource.com left intact
*   Trying 66.185.182.49:443...
* Connected to apitest.cybersource.com (66.185.182.49) port 443
* ALPN: curl offers h2,http/1.1
*  CAfile: D:\xampp\htdocs\ahmed-admin-qa\vendor\cybersource\rest-client-php\lib\ssl/cacert.pem
*  CApath: none
* SSL connection using TLSv1.2 / ECDHE-RSA-AES256-GCM-SHA384
* ALPN: server did not agree on a protocol. Uses default.
* Server certificate:
*  subject: jurisdictionC=US; jurisdictionST=Delaware; businessCategory=Private Organization; serialNumber=802339; C=US; ST=California; L=Foster City; O=Visa International Service Association; CN=apitest.cybersource.com
*  start date: Jul  7 00:00:00 2025 GMT
*  expire date: Jul  6 23:59:59 2026 GMT
*  subjectAltName: host "apitest.cybersource.com" matched cert's "apitest.cybersource.com"
*  issuer: C=US; O=DigiCert Inc; CN=DigiCert EV RSA CA G2
*  SSL certificate verify ok.
* using HTTP/1.x
> POST /up/v1/capture-contexts HTTP/1.1
Host: apitest.cybersource.com
User-Agent: Swagger-Codegen/1.0.0/php
Accept:  application/jwt
Content-Type:  application/json
v-c-merchant-id: cbq_510000669_test
Signature: keyid="7e6fe91b-5753-48c5-a9c1-d403695ffa1b", algorithm="HmacSHA256", headers="host date request-target digest v-c-merchant-id", signature="CwxONt8/4QmGL+5FBZ3QItttHl+UVGQrJbNMyXhnK4A="
Date: Tue, 07 Oct 2025 11:52:18 GMT
v-c-client-id: cybs-rest-sdk-php-0.0.65
Digest:  SHA-256=ggo05KOH5bVc2OEFjYlmD7yIO76RA7Z1w4U4s3hXbzI=
Content-Length: 640

< HTTP/1.1 400 Bad Request
< v-c-merchant-id: cbq_510000669_test
< v-c-session-id: 77c9d704-be1d-431d-bf25-79a1fc44f774
< content-type: application/json
< content-length: 526
< x-envoy-upstream-service-time: 3
< date: Tue, 07 Oct 2025 07:52:19 GMT
< server: istio-envoy
< Connection: keep-alive
< Strict-Transport-Security: max-age=31536000
< v-c-correlation-id: ab8b8ffe-1296-4c3d-ba50-b72c748dc7cb
< X-OPNET-Transaction-Trace: 255df1e0-83d6-4275-89d7-91f2b2cc0c4e-1210023-22221446
< 
* Connection #0 to host apitest.cybersource.com left intact
*   Trying 66.185.182.49:443...
* Connected to apitest.cybersource.com (66.185.182.49) port 443
* ALPN: curl offers h2,http/1.1
*  CAfile: D:\xampp\htdocs\ahmed-admin-qa\vendor\cybersource\rest-client-php\lib\ssl/cacert.pem
*  CApath: none
* SSL connection using TLSv1.2 / ECDHE-RSA-AES256-GCM-SHA384
* ALPN: server did not agree on a protocol. Uses default.
* Server certificate:
*  subject: jurisdictionC=US; jurisdictionST=Delaware; businessCategory=Private Organization; serialNumber=802339; C=US; ST=California; L=Foster City; O=Visa International Service Association; CN=apitest.cybersource.com
*  start date: Jul  7 00:00:00 2025 GMT
*  expire date: Jul  6 23:59:59 2026 GMT
*  subjectAltName: host "apitest.cybersource.com" matched cert's "apitest.cybersource.com"
*  issuer: C=US; O=DigiCert Inc; CN=DigiCert EV RSA CA G2
*  SSL certificate verify ok.
* using HTTP/1.x
> POST /up/v1/capture-contexts HTTP/1.1
Host: apitest.cybersource.com
User-Agent: Swagger-Codegen/1.0.0/php
Accept:  application/jwt
Content-Type:  application/json
v-c-merchant-id: cbq_510000669_test
Signature: keyid="7e6fe91b-5753-48c5-a9c1-d403695ffa1b", algorithm="HmacSHA256", headers="host date request-target digest v-c-merchant-id", signature="p88kIVuHxZ2vWJd8HHTbVCQW3M2AaBcmsj3k0uH2e8Y="
Date: Tue, 07 Oct 2025 11:52:42 GMT
v-c-client-id: cybs-rest-sdk-php-0.0.65
Digest:  SHA-256=ggo05KOH5bVc2OEFjYlmD7yIO76RA7Z1w4U4s3hXbzI=
Content-Length: 640

< HTTP/1.1 400 Bad Request
< v-c-merchant-id: cbq_510000669_test
< v-c-session-id: 72d224f8-beaa-46d6-b5f5-104bf4a54f10
< content-type: application/json
< content-length: 526
< x-envoy-upstream-service-time: 2
< date: Tue, 07 Oct 2025 07:52:43 GMT
< server: istio-envoy
< Connection: keep-alive
< Strict-Transport-Security: max-age=31536000
< v-c-correlation-id: 2d5d8358-0d3f-4a74-9c31-b4cf2456219e
< X-OPNET-Transaction-Trace: 934de25f-e7ea-4bd1-be1c-02ab3dbc7a6b-1228642-22266680
< 
* Connection #0 to host apitest.cybersource.com left intact
*   Trying 66.185.182.49:443...
* Connected to apitest.cybersource.com (66.185.182.49) port 443
* ALPN: curl offers h2,http/1.1
*  CAfile: D:\xampp\htdocs\ahmed-admin-qa\vendor\cybersource\rest-client-php\lib\ssl/cacert.pem
*  CApath: none
* SSL connection using TLSv1.2 / ECDHE-RSA-AES256-GCM-SHA384
* ALPN: server did not agree on a protocol. Uses default.
* Server certificate:
*  subject: jurisdictionC=US; jurisdictionST=Delaware; businessCategory=Private Organization; serialNumber=802339; C=US; ST=California; L=Foster City; O=Visa International Service Association; CN=apitest.cybersource.com
*  start date: Jul  7 00:00:00 2025 GMT
*  expire date: Jul  6 23:59:59 2026 GMT
*  subjectAltName: host "apitest.cybersource.com" matched cert's "apitest.cybersource.com"
*  issuer: C=US; O=DigiCert Inc; CN=DigiCert EV RSA CA G2
*  SSL certificate verify ok.
* using HTTP/1.x
> POST /up/v1/capture-contexts HTTP/1.1
Host: apitest.cybersource.com
User-Agent: Swagger-Codegen/1.0.0/php
Accept:  application/jwt
Content-Type:  application/json
v-c-merchant-id: cbq_510000669_test
Signature: keyid="7e6fe91b-5753-48c5-a9c1-d403695ffa1b", algorithm="HmacSHA256", headers="host date request-target digest v-c-merchant-id", signature="7c6ydk1ktiWimJg3FFi33YKVXdAJQhVTDeyzFRuVjl0="
Date: Tue, 07 Oct 2025 11:54:15 GMT
v-c-client-id: cybs-rest-sdk-php-0.0.65
Digest:  SHA-256=eD+1HDIN9OCeB5MQ10/ousgQgqcERlxkVSsxcqQrHqc=
Content-Length: 957

< HTTP/1.1 400 Bad Request
< v-c-merchant-id: cbq_510000669_test
< v-c-session-id: c2f0adab-da5a-4853-a8ac-44bd3c4adb4a
< content-type: application/json
< content-length: 566
< x-envoy-upstream-service-time: 1
< date: Tue, 07 Oct 2025 07:54:16 GMT
< server: istio-envoy
< Connection: keep-alive
< Strict-Transport-Security: max-age=31536000
< v-c-correlation-id: 2035cb58-eccb-4010-ad17-270a3d859499
< X-OPNET-Transaction-Trace: 934de25f-e7ea-4bd1-be1c-02ab3dbc7a6b-1228642-22270451
< 
* Connection #0 to host apitest.cybersource.com left intact
*   Trying 66.185.182.49:443...
* Connected to apitest.cybersource.com (66.185.182.49) port 443
* ALPN: curl offers h2,http/1.1
*  CAfile: D:\xampp\htdocs\ahmed-admin-qa\vendor\cybersource\rest-client-php\lib\ssl/cacert.pem
*  CApath: none
* SSL connection using TLSv1.2 / ECDHE-RSA-AES256-GCM-SHA384
* ALPN: server did not agree on a protocol. Uses default.
* Server certificate:
*  subject: jurisdictionC=US; jurisdictionST=Delaware; businessCategory=Private Organization; serialNumber=802339; C=US; ST=California; L=Foster City; O=Visa International Service Association; CN=apitest.cybersource.com
*  start date: Jul  7 00:00:00 2025 GMT
*  expire date: Jul  6 23:59:59 2026 GMT
*  subjectAltName: host "apitest.cybersource.com" matched cert's "apitest.cybersource.com"
*  issuer: C=US; O=DigiCert Inc; CN=DigiCert EV RSA CA G2
*  SSL certificate verify ok.
* using HTTP/1.x
> POST /up/v1/capture-contexts HTTP/1.1
Host: apitest.cybersource.com
User-Agent: Swagger-Codegen/1.0.0/php
Accept:  application/jwt
Content-Type:  application/json
v-c-merchant-id: cbq_510000669_test
Signature: keyid="7e6fe91b-5753-48c5-a9c1-d403695ffa1b", algorithm="HmacSHA256", headers="host date request-target digest v-c-merchant-id", signature="Ga8ZvampJzBPKpytrpM4OCpcH0VIYClnRpjuQVGcRw8="
Date: Tue, 07 Oct 2025 11:58:04 GMT
v-c-client-id: cybs-rest-sdk-php-0.0.65
Digest:  SHA-256=eD+1HDIN9OCeB5MQ10/ousgQgqcERlxkVSsxcqQrHqc=
Content-Length: 957

< HTTP/1.1 400 Bad Request
< v-c-merchant-id: cbq_510000669_test
< v-c-session-id: 37a2dea4-8477-438f-9510-bb1d49c7b2c4
< content-type: application/json
< content-length: 566
< x-envoy-upstream-service-time: 1
< date: Tue, 07 Oct 2025 07:58:05 GMT
< server: istio-envoy
< Connection: keep-alive
< Strict-Transport-Security: max-age=31536000
< v-c-correlation-id: c73f01c4-d727-4c64-8134-3bba939a97fb
< X-OPNET-Transaction-Trace: 5f3257e4-1d41-4a51-848f-80f132d6b33e-1180516-22217131
< 
* Connection #0 to host apitest.cybersource.com left intact
*   Trying 66.185.182.49:443...
* Connected to apitest.cybersource.com (66.185.182.49) port 443
* ALPN: curl offers h2,http/1.1
*  CAfile: D:\xampp\htdocs\ahmed-admin-qa\vendor\cybersource\rest-client-php\lib\ssl/cacert.pem
*  CApath: none
* SSL connection using TLSv1.2 / ECDHE-RSA-AES256-GCM-SHA384
* ALPN: server did not agree on a protocol. Uses default.
* Server certificate:
*  subject: jurisdictionC=US; jurisdictionST=Delaware; businessCategory=Private Organization; serialNumber=802339; C=US; ST=California; L=Foster City; O=Visa International Service Association; CN=apitest.cybersource.com
*  start date: Jul  7 00:00:00 2025 GMT
*  expire date: Jul  6 23:59:59 2026 GMT
*  subjectAltName: host "apitest.cybersource.com" matched cert's "apitest.cybersource.com"
*  issuer: C=US; O=DigiCert Inc; CN=DigiCert EV RSA CA G2
*  SSL certificate verify ok.
* using HTTP/1.x
> POST /up/v1/capture-contexts HTTP/1.1
Host: apitest.cybersource.com
User-Agent: Swagger-Codegen/1.0.0/php
Accept:  application/jwt
Content-Type:  application/json
v-c-merchant-id: cbq_510000669_test
Signature: keyid="7e6fe91b-5753-48c5-a9c1-d403695ffa1b", algorithm="HmacSHA256", headers="host date request-target digest v-c-merchant-id", signature="d8Ii9RPqIF6jGvTas5h1O6nL28wfbYpszq9QXalaXGw="
Date: Tue, 07 Oct 2025 11:59:04 GMT
v-c-client-id: cybs-rest-sdk-php-0.0.65
Digest:  SHA-256=ZvYzKw3j1+BGCGgMaLAa0uDwmJJLZ4bJCghQYrOWeF4=
Content-Length: 1015

< HTTP/1.1 201 Created
< v-c-merchant-id: cbq_510000669_test
< v-c-session-id: 640006da-3556-45c1-9b73-fe3b8a963b98
< content-type: application/jwt
< cache-control: no-store
< pragma: no-cache
< content-length: 5818
< x-envoy-upstream-service-time: 17
< date: Tue, 07 Oct 2025 07:59:05 GMT
< server: istio-envoy
< Connection: keep-alive
< Strict-Transport-Security: max-age=31536000
< v-c-correlation-id: b8cd3fa9-b0ff-49e0-b6eb-f59ecad2525f
< X-OPNET-Transaction-Trace: 5f3257e4-1d41-4a51-848f-80f132d6b33e-1180516-22219011
< 
* Connection #0 to host apitest.cybersource.com left intact
*   Trying 66.185.182.49:443...
* Connected to apitest.cybersource.com (66.185.182.49) port 443
* ALPN: curl offers h2,http/1.1
*  CAfile: D:\xampp\htdocs\ahmed-admin-qa\vendor\cybersource\rest-client-php\lib\ssl/cacert.pem
*  CApath: none
* SSL connection using TLSv1.2 / ECDHE-RSA-AES256-GCM-SHA384
* ALPN: server did not agree on a protocol. Uses default.
* Server certificate:
*  subject: jurisdictionC=US; jurisdictionST=Delaware; businessCategory=Private Organization; serialNumber=802339; C=US; ST=California; L=Foster City; O=Visa International Service Association; CN=apitest.cybersource.com
*  start date: Jul  7 00:00:00 2025 GMT
*  expire date: Jul  6 23:59:59 2026 GMT
*  subjectAltName: host "apitest.cybersource.com" matched cert's "apitest.cybersource.com"
*  issuer: C=US; O=DigiCert Inc; CN=DigiCert EV RSA CA G2
*  SSL certificate verify ok.
* using HTTP/1.x
> POST /up/v1/capture-contexts HTTP/1.1
Host: apitest.cybersource.com
User-Agent: Swagger-Codegen/1.0.0/php
Accept:  application/jwt
Content-Type:  application/json
v-c-merchant-id: cbq_510000669_test
Signature: keyid="7e6fe91b-5753-48c5-a9c1-d403695ffa1b", algorithm="HmacSHA256", headers="host date request-target digest v-c-merchant-id", signature="3To9iq/tNRus2ediCuf8lCgQlH7e4taBpGYZCWtzsbw="
Date: Tue, 07 Oct 2025 11:59:41 GMT
v-c-client-id: cybs-rest-sdk-php-0.0.65
Digest:  SHA-256=ZvYzKw3j1+BGCGgMaLAa0uDwmJJLZ4bJCghQYrOWeF4=
Content-Length: 1015

< HTTP/1.1 201 Created
< v-c-merchant-id: cbq_510000669_test
< v-c-session-id: 51cfbf2f-f86c-473a-925b-4e8cf16ebf2e
< content-type: application/jwt
< cache-control: no-store
< pragma: no-cache
< content-length: 5818
< x-envoy-upstream-service-time: 19
< date: Tue, 07 Oct 2025 07:59:42 GMT
< server: istio-envoy
< Connection: keep-alive
< Strict-Transport-Security: max-age=31536000
< v-c-correlation-id: 4fda0257-f6cd-46eb-993a-cc73f06cf4c1
< X-OPNET-Transaction-Trace: 5f3257e4-1d41-4a51-848f-80f132d6b33e-1180516-22219990
< 
* Connection #0 to host apitest.cybersource.com left intact
*   Trying 66.185.182.49:443...
* Connected to apitest.cybersource.com (66.185.182.49) port 443
* ALPN: curl offers h2,http/1.1
*  CAfile: D:\xampp\htdocs\ahmed-admin-qa\vendor\cybersource\rest-client-php\lib\ssl/cacert.pem
*  CApath: none
* SSL connection using TLSv1.2 / ECDHE-RSA-AES256-GCM-SHA384
* ALPN: server did not agree on a protocol. Uses default.
* Server certificate:
*  subject: jurisdictionC=US; jurisdictionST=Delaware; businessCategory=Private Organization; serialNumber=802339; C=US; ST=California; L=Foster City; O=Visa International Service Association; CN=apitest.cybersource.com
*  start date: Jul  7 00:00:00 2025 GMT
*  expire date: Jul  6 23:59:59 2026 GMT
*  subjectAltName: host "apitest.cybersource.com" matched cert's "apitest.cybersource.com"
*  issuer: C=US; O=DigiCert Inc; CN=DigiCert EV RSA CA G2
*  SSL certificate verify ok.
* using HTTP/1.x
> POST /up/v1/capture-contexts HTTP/1.1
Host: apitest.cybersource.com
User-Agent: Swagger-Codegen/1.0.0/php
Accept:  application/jwt
Content-Type:  application/json
v-c-merchant-id: cbq_510000669_test
Signature: keyid="7e6fe91b-5753-48c5-a9c1-d403695ffa1b", algorithm="HmacSHA256", headers="host date request-target digest v-c-merchant-id", signature="JjbMtzNpl71emsG6Tg+QAMt2ZLnbT5k9+WH8rMWlNCw="
Date: Tue, 07 Oct 2025 12:09:06 GMT
v-c-client-id: cybs-rest-sdk-php-0.0.65
Digest:  SHA-256=gzcxDbCAbkI79x+SvTux0LP/zYibW5lCK8XD/UnfIvQ=
Content-Length: 987

< HTTP/1.1 400 Bad Request
< v-c-merchant-id: cbq_510000669_test
< v-c-session-id: d8069d02-7838-477f-b424-a15e42949513
< content-type: application/json
< content-length: 381
< x-envoy-upstream-service-time: 3
< date: Tue, 07 Oct 2025 08:09:07 GMT
< server: istio-envoy
< Connection: keep-alive
< Strict-Transport-Security: max-age=31536000
< v-c-correlation-id: 46d14f32-419e-487f-bade-6db3a4f8ad77
< X-OPNET-Transaction-Trace: 255df1e0-83d6-4275-89d7-91f2b2cc0c4e-1210023-22261594
< 
* Connection #0 to host apitest.cybersource.com left intact
*   Trying 66.185.182.49:443...
* Connected to apitest.cybersource.com (66.185.182.49) port 443
* ALPN: curl offers h2,http/1.1
*  CAfile: D:\xampp\htdocs\ahmed-admin-qa\vendor\cybersource\rest-client-php\lib\ssl/cacert.pem
*  CApath: none
* SSL connection using TLSv1.2 / ECDHE-RSA-AES256-GCM-SHA384
* ALPN: server did not agree on a protocol. Uses default.
* Server certificate:
*  subject: jurisdictionC=US; jurisdictionST=Delaware; businessCategory=Private Organization; serialNumber=802339; C=US; ST=California; L=Foster City; O=Visa International Service Association; CN=apitest.cybersource.com
*  start date: Jul  7 00:00:00 2025 GMT
*  expire date: Jul  6 23:59:59 2026 GMT
*  subjectAltName: host "apitest.cybersource.com" matched cert's "apitest.cybersource.com"
*  issuer: C=US; O=DigiCert Inc; CN=DigiCert EV RSA CA G2
*  SSL certificate verify ok.
* using HTTP/1.x
> POST /up/v1/capture-contexts HTTP/1.1
Host: apitest.cybersource.com
User-Agent: Swagger-Codegen/1.0.0/php
Accept:  application/jwt
Content-Type:  application/json
v-c-merchant-id: cbq_510000669_test
Signature: keyid="7e6fe91b-5753-48c5-a9c1-d403695ffa1b", algorithm="HmacSHA256", headers="host date request-target digest v-c-merchant-id", signature="d+jZLbTgIW4dARjap1dcKciiVVwtK9TAHDrTjbCHFjg="
Date: Tue, 07 Oct 2025 12:28:31 GMT
v-c-client-id: cybs-rest-sdk-php-0.0.65
Digest:  SHA-256=DMX49Hvm2jmjfcGDuhUh7zSuj/ZroiWSZhlp/+8wmUA=
Content-Length: 1007

< HTTP/1.1 201 Created
< v-c-merchant-id: cbq_510000669_test
< v-c-session-id: 71414d8d-d9b2-401f-b3bd-8fff5eba0c69
< content-type: application/jwt
< cache-control: no-store
< pragma: no-cache
< content-length: 5807
< x-envoy-upstream-service-time: 20
< date: Tue, 07 Oct 2025 08:28:32 GMT
< server: istio-envoy
< Connection: keep-alive
< Strict-Transport-Security: max-age=31536000
< v-c-correlation-id: d0ae8be4-d03f-482f-a546-1de66ea0a0cf
< X-OPNET-Transaction-Trace: 255df1e0-83d6-4275-89d7-91f2b2cc0c4e-1210023-22312872
< 
* Connection #0 to host apitest.cybersource.com left intact
*   Trying 66.185.182.49:443...
* Connected to apitest.cybersource.com (66.185.182.49) port 443
* ALPN: curl offers h2,http/1.1
*  CAfile: D:\xampp\htdocs\ahmed-admin-qa\vendor\cybersource\rest-client-php\lib\ssl/cacert.pem
*  CApath: none
* SSL connection using TLSv1.2 / ECDHE-RSA-AES256-GCM-SHA384
* ALPN: server did not agree on a protocol. Uses default.
* Server certificate:
*  subject: jurisdictionC=US; jurisdictionST=Delaware; businessCategory=Private Organization; serialNumber=802339; C=US; ST=California; L=Foster City; O=Visa International Service Association; CN=apitest.cybersource.com
*  start date: Jul  7 00:00:00 2025 GMT
*  expire date: Jul  6 23:59:59 2026 GMT
*  subjectAltName: host "apitest.cybersource.com" matched cert's "apitest.cybersource.com"
*  issuer: C=US; O=DigiCert Inc; CN=DigiCert EV RSA CA G2
*  SSL certificate verify ok.
* using HTTP/1.x
> POST /up/v1/capture-contexts HTTP/1.1
Host: apitest.cybersource.com
User-Agent: Swagger-Codegen/1.0.0/php
Accept:  application/jwt
Content-Type:  application/json
v-c-merchant-id: cbq_510000669_test
Signature: keyid="7e6fe91b-5753-48c5-a9c1-d403695ffa1b", algorithm="HmacSHA256", headers="host date request-target digest v-c-merchant-id", signature="hltqjjhCf3bNpnbdseMU01IhXNXG90E6IYJwA4TmH7g="
Date: Tue, 07 Oct 2025 12:29:41 GMT
v-c-client-id: cybs-rest-sdk-php-0.0.65
Digest:  SHA-256=MqC36jtLm18t7940cvnG+7I8scSSyiwOnAlo51MH50Q=
Content-Length: 1007

< HTTP/1.1 201 Created
< v-c-merchant-id: cbq_510000669_test
< v-c-session-id: 6083cc40-9205-45d6-b0bb-c7805790bb5e
< content-type: application/jwt
< cache-control: no-store
< pragma: no-cache
< content-length: 5807
< x-envoy-upstream-service-time: 23
< date: Tue, 07 Oct 2025 08:29:42 GMT
< server: istio-envoy
< Connection: keep-alive
< Strict-Transport-Security: max-age=31536000
< v-c-correlation-id: 421a8190-f577-414e-bbc5-508659b7a6ff
< X-OPNET-Transaction-Trace: 934de25f-e7ea-4bd1-be1c-02ab3dbc7a6b-1228642-22360032
< 
* Connection #0 to host apitest.cybersource.com left intact
*   Trying 66.185.182.49:443...
* Connected to apitest.cybersource.com (66.185.182.49) port 443
* ALPN: curl offers h2,http/1.1
*  CAfile: D:\xampp\htdocs\ahmed-admin-qa\vendor\cybersource\rest-client-php\lib\ssl/cacert.pem
*  CApath: none
* SSL connection using TLSv1.2 / ECDHE-RSA-AES256-GCM-SHA384
* ALPN: server did not agree on a protocol. Uses default.
* Server certificate:
*  subject: jurisdictionC=US; jurisdictionST=Delaware; businessCategory=Private Organization; serialNumber=802339; C=US; ST=California; L=Foster City; O=Visa International Service Association; CN=apitest.cybersource.com
*  start date: Jul  7 00:00:00 2025 GMT
*  expire date: Jul  6 23:59:59 2026 GMT
*  subjectAltName: host "apitest.cybersource.com" matched cert's "apitest.cybersource.com"
*  issuer: C=US; O=DigiCert Inc; CN=DigiCert EV RSA CA G2
*  SSL certificate verify ok.
* using HTTP/1.x
> POST /up/v1/capture-contexts HTTP/1.1
Host: apitest.cybersource.com
User-Agent: Swagger-Codegen/1.0.0/php
Accept:  application/jwt
Content-Type:  application/json
v-c-merchant-id: cbq_510000669_test
Signature: keyid="7e6fe91b-5753-48c5-a9c1-d403695ffa1b", algorithm="HmacSHA256", headers="host date request-target digest v-c-merchant-id", signature="H5NZ9XLHTha57RYaV/hV5uPbd+yaKVIttBKacvCYrL0="
Date: Tue, 07 Oct 2025 12:34:44 GMT
v-c-client-id: cybs-rest-sdk-php-0.0.65
Digest:  SHA-256=ZvYzKw3j1+BGCGgMaLAa0uDwmJJLZ4bJCghQYrOWeF4=
Content-Length: 1015

< HTTP/1.1 201 Created
< v-c-merchant-id: cbq_510000669_test
< v-c-session-id: 2bfeb844-ff61-4dd5-9adc-38c7dd214052
< content-type: application/jwt
< cache-control: no-store
< pragma: no-cache
< content-length: 5818
< x-envoy-upstream-service-time: 21
< date: Tue, 07 Oct 2025 08:34:45 GMT
< server: istio-envoy
< Connection: keep-alive
< Strict-Transport-Security: max-age=31536000
< v-c-correlation-id: b19bd049-905a-40a2-8155-76a302860c10
< X-OPNET-Transaction-Trace: 934de25f-e7ea-4bd1-be1c-02ab3dbc7a6b-1228642-22373494
< 
* Connection #0 to host apitest.cybersource.com left intact
*   Trying 66.185.182.49:443...
* Connected to apitest.cybersource.com (66.185.182.49) port 443
* ALPN: curl offers h2,http/1.1
*  CAfile: D:\xampp\htdocs\ahmed-admin-qa\vendor\cybersource\rest-client-php\lib\ssl/cacert.pem
*  CApath: none
* SSL connection using TLSv1.2 / ECDHE-RSA-AES256-GCM-SHA384
* ALPN: server did not agree on a protocol. Uses default.
* Server certificate:
*  subject: jurisdictionC=US; jurisdictionST=Delaware; businessCategory=Private Organization; serialNumber=802339; C=US; ST=California; L=Foster City; O=Visa International Service Association; CN=apitest.cybersource.com
*  start date: Jul  7 00:00:00 2025 GMT
*  expire date: Jul  6 23:59:59 2026 GMT
*  subjectAltName: host "apitest.cybersource.com" matched cert's "apitest.cybersource.com"
*  issuer: C=US; O=DigiCert Inc; CN=DigiCert EV RSA CA G2
*  SSL certificate verify ok.
* using HTTP/1.x
> POST /up/v1/capture-contexts HTTP/1.1
Host: apitest.cybersource.com
User-Agent: Swagger-Codegen/1.0.0/php
Accept:  application/jwt
Content-Type:  application/json
v-c-merchant-id: cbq_510000669_test
Signature: keyid="7e6fe91b-5753-48c5-a9c1-d403695ffa1b", algorithm="HmacSHA256", headers="host date request-target digest v-c-merchant-id", signature="A55hZk3MZ7tIifnVKCmACDjVCpWxp15RPeQHDGznjU8="
Date: Tue, 07 Oct 2025 12:36:02 GMT
v-c-client-id: cybs-rest-sdk-php-0.0.65
Digest:  SHA-256=ZvYzKw3j1+BGCGgMaLAa0uDwmJJLZ4bJCghQYrOWeF4=
Content-Length: 1015

< HTTP/1.1 201 Created
< v-c-merchant-id: cbq_510000669_test
< v-c-session-id: ad63fb51-fc51-485e-af8c-a1ed1be16734
< content-type: application/jwt
< cache-control: no-store
< pragma: no-cache
< content-length: 5818
< x-envoy-upstream-service-time: 19
< date: Tue, 07 Oct 2025 08:36:03 GMT
< server: istio-envoy
< Connection: keep-alive
< Strict-Transport-Security: max-age=31536000
< v-c-correlation-id: 2b25f058-d6e6-4702-99c4-605b63de806c
< X-OPNET-Transaction-Trace: 934de25f-e7ea-4bd1-be1c-02ab3dbc7a6b-1228642-22376702
< 
* Connection #0 to host apitest.cybersource.com left intact
*   Trying 66.185.182.49:443...
* Connected to apitest.cybersource.com (66.185.182.49) port 443
* ALPN: curl offers h2,http/1.1
*  CAfile: D:\xampp\htdocs\ahmed-admin-qa\vendor\cybersource\rest-client-php\lib\ssl/cacert.pem
*  CApath: none
* SSL connection using TLSv1.2 / ECDHE-RSA-AES256-GCM-SHA384
* ALPN: server did not agree on a protocol. Uses default.
* Server certificate:
*  subject: jurisdictionC=US; jurisdictionST=Delaware; businessCategory=Private Organization; serialNumber=802339; C=US; ST=California; L=Foster City; O=Visa International Service Association; CN=apitest.cybersource.com
*  start date: Jul  7 00:00:00 2025 GMT
*  expire date: Jul  6 23:59:59 2026 GMT
*  subjectAltName: host "apitest.cybersource.com" matched cert's "apitest.cybersource.com"
*  issuer: C=US; O=DigiCert Inc; CN=DigiCert EV RSA CA G2
*  SSL certificate verify ok.
* using HTTP/1.x
> POST /up/v1/capture-contexts HTTP/1.1
Host: apitest.cybersource.com
User-Agent: Swagger-Codegen/1.0.0/php
Accept:  application/jwt
Content-Type:  application/json
v-c-merchant-id: cbq_510000669_test
Signature: keyid="7e6fe91b-5753-48c5-a9c1-d403695ffa1b", algorithm="HmacSHA256", headers="host date request-target digest v-c-merchant-id", signature="bzDSTAkSYBDiO8PWNJSxgkxnhCL3Sojz/Bj6WW7e57U="
Date: Tue, 07 Oct 2025 14:20:09 GMT
v-c-client-id: cybs-rest-sdk-php-0.0.65
Digest:  SHA-256=ZvYzKw3j1+BGCGgMaLAa0uDwmJJLZ4bJCghQYrOWeF4=
Content-Length: 1015

< HTTP/1.1 201 Created
< v-c-merchant-id: cbq_510000669_test
< v-c-session-id: 054b30c2-7b94-4008-a897-bb959973d14b
< content-type: application/jwt
< cache-control: no-store
< pragma: no-cache
< content-length: 5818
< x-envoy-upstream-service-time: 17
< date: Tue, 07 Oct 2025 10:20:10 GMT
< server: istio-envoy
< Connection: keep-alive
< Strict-Transport-Security: max-age=31536000
< v-c-correlation-id: 659285b2-ef6f-4ce7-a7fc-dfab7032f3b4
< X-OPNET-Transaction-Trace: 255df1e0-83d6-4275-89d7-91f2b2cc0c4e-1210023-22588404
< 
* Connection #0 to host apitest.cybersource.com left intact
*   Trying 66.185.182.49:443...
* Connected to apitest.cybersource.com (66.185.182.49) port 443
* ALPN: curl offers h2,http/1.1
*  CAfile: D:\xampp\htdocs\ahmed-admin-qa\vendor\cybersource\rest-client-php\lib\ssl/cacert.pem
*  CApath: none
* SSL connection using TLSv1.2 / ECDHE-RSA-AES256-GCM-SHA384
* ALPN: server did not agree on a protocol. Uses default.
* Server certificate:
*  subject: jurisdictionC=US; jurisdictionST=Delaware; businessCategory=Private Organization; serialNumber=802339; C=US; ST=California; L=Foster City; O=Visa International Service Association; CN=apitest.cybersource.com
*  start date: Jul  7 00:00:00 2025 GMT
*  expire date: Jul  6 23:59:59 2026 GMT
*  subjectAltName: host "apitest.cybersource.com" matched cert's "apitest.cybersource.com"
*  issuer: C=US; O=DigiCert Inc; CN=DigiCert EV RSA CA G2
*  SSL certificate verify ok.
* using HTTP/1.x
> POST /up/v1/capture-contexts HTTP/1.1
Host: apitest.cybersource.com
User-Agent: Swagger-Codegen/1.0.0/php
Accept:  application/jwt
Content-Type:  application/json
v-c-merchant-id: cbq_510000669_test
Signature: keyid="7e6fe91b-5753-48c5-a9c1-d403695ffa1b", algorithm="HmacSHA256", headers="host date request-target digest v-c-merchant-id", signature="G9B0dcYHmUGvyWhQAnG4j+w8varr+VoVUWK6fKZ/HE4="
Date: Tue, 07 Oct 2025 14:21:06 GMT
v-c-client-id: cybs-rest-sdk-php-0.0.65
Digest:  SHA-256=5meZw4G9I6pUCjCYV/tTbvn6TxYB3W/y79dSXwNDCe4=
Content-Length: 1014

< HTTP/1.1 201 Created
< v-c-merchant-id: cbq_510000669_test
< v-c-session-id: 53d9e5fa-14a3-409b-869d-1a1a88f9e94f
< content-type: application/jwt
< cache-control: no-store
< pragma: no-cache
< content-length: 5815
< x-envoy-upstream-service-time: 25
< date: Tue, 07 Oct 2025 10:21:07 GMT
< server: istio-envoy
< Connection: keep-alive
< Strict-Transport-Security: max-age=31536000
< v-c-correlation-id: 816e1595-b2bc-49fe-8d77-2612de86fd59
< X-OPNET-Transaction-Trace: 934de25f-e7ea-4bd1-be1c-02ab3dbc7a6b-1228642-22634959
< 
* Connection #0 to host apitest.cybersource.com left intact
*   Trying 66.185.182.49:443...
* Connected to apitest.cybersource.com (66.185.182.49) port 443
* ALPN: curl offers h2,http/1.1
*  CAfile: D:\xampp\htdocs\ahmed-admin-qa\vendor\cybersource\rest-client-php\lib\ssl/cacert.pem
*  CApath: none
* SSL connection using TLSv1.2 / ECDHE-RSA-AES256-GCM-SHA384
* ALPN: server did not agree on a protocol. Uses default.
* Server certificate:
*  subject: jurisdictionC=US; jurisdictionST=Delaware; businessCategory=Private Organization; serialNumber=802339; C=US; ST=California; L=Foster City; O=Visa International Service Association; CN=apitest.cybersource.com
*  start date: Jul  7 00:00:00 2025 GMT
*  expire date: Jul  6 23:59:59 2026 GMT
*  subjectAltName: host "apitest.cybersource.com" matched cert's "apitest.cybersource.com"
*  issuer: C=US; O=DigiCert Inc; CN=DigiCert EV RSA CA G2
*  SSL certificate verify ok.
* using HTTP/1.x
> POST /up/v1/capture-contexts HTTP/1.1
Host: apitest.cybersource.com
User-Agent: Swagger-Codegen/1.0.0/php
Accept:  application/jwt
Content-Type:  application/json
v-c-merchant-id: cbq_510000669_test
Signature: keyid="7e6fe91b-5753-48c5-a9c1-d403695ffa1b", algorithm="HmacSHA256", headers="host date request-target digest v-c-merchant-id", signature="NVDeDpGfWgag9GlUYU9eWVRPtFDpeBRepyZT+qpvtjM="
Date: Tue, 07 Oct 2025 14:24:47 GMT
v-c-client-id: cybs-rest-sdk-php-0.0.65
Digest:  SHA-256=5meZw4G9I6pUCjCYV/tTbvn6TxYB3W/y79dSXwNDCe4=
Content-Length: 1014

< HTTP/1.1 201 Created
< v-c-merchant-id: cbq_510000669_test
< v-c-session-id: 6aa0daf5-f8eb-4934-91f6-ae6ca87e5371
< content-type: application/jwt
< cache-control: no-store
< pragma: no-cache
< content-length: 5815
< x-envoy-upstream-service-time: 35
< date: Tue, 07 Oct 2025 10:24:48 GMT
< server: istio-envoy
< Connection: keep-alive
< Strict-Transport-Security: max-age=31536000
< v-c-correlation-id: 41050c31-1b72-4adc-bce2-f9fe41f6698f
< X-OPNET-Transaction-Trace: 934de25f-e7ea-4bd1-be1c-02ab3dbc7a6b-1228642-22642535
< 
* Connection #0 to host apitest.cybersource.com left intact
*   Trying 66.185.182.49:443...
* Connected to apitest.cybersource.com (66.185.182.49) port 443
* ALPN: curl offers h2,http/1.1
*  CAfile: D:\xampp\htdocs\ahmed-admin-qa\vendor\cybersource\rest-client-php\lib\ssl/cacert.pem
*  CApath: none
* SSL connection using TLSv1.2 / ECDHE-RSA-AES256-GCM-SHA384
* ALPN: server did not agree on a protocol. Uses default.
* Server certificate:
*  subject: jurisdictionC=US; jurisdictionST=Delaware; businessCategory=Private Organization; serialNumber=802339; C=US; ST=California; L=Foster City; O=Visa International Service Association; CN=apitest.cybersource.com
*  start date: Jul  7 00:00:00 2025 GMT
*  expire date: Jul  6 23:59:59 2026 GMT
*  subjectAltName: host "apitest.cybersource.com" matched cert's "apitest.cybersource.com"
*  issuer: C=US; O=DigiCert Inc; CN=DigiCert EV RSA CA G2
*  SSL certificate verify ok.
* using HTTP/1.x
> POST /up/v1/capture-contexts HTTP/1.1
Host: apitest.cybersource.com
User-Agent: Swagger-Codegen/1.0.0/php
Accept:  application/jwt
Content-Type:  application/json
v-c-merchant-id: cbq_510000669_test
Signature: keyid="7e6fe91b-5753-48c5-a9c1-d403695ffa1b", algorithm="HmacSHA256", headers="host date request-target digest v-c-merchant-id", signature="JwRNHOG4k4vvkPUH01PgPTjRiL3JkhKQ5/JG6AHWJO4="
Date: Tue, 07 Oct 2025 14:27:33 GMT
v-c-client-id: cybs-rest-sdk-php-0.0.65
Digest:  SHA-256=5meZw4G9I6pUCjCYV/tTbvn6TxYB3W/y79dSXwNDCe4=
Content-Length: 1014

< HTTP/1.1 201 Created
< v-c-merchant-id: cbq_510000669_test
< v-c-session-id: 71b49a81-058e-43ca-abb7-731cec5a0a7c
< content-type: application/jwt
< cache-control: no-store
< pragma: no-cache
< content-length: 5815
< x-envoy-upstream-service-time: 27
< date: Tue, 07 Oct 2025 10:27:34 GMT
< server: istio-envoy
< Connection: keep-alive
< Strict-Transport-Security: max-age=31536000
< v-c-correlation-id: f85df34f-ac3f-4ae0-b944-21bd2bc59ef6
< X-OPNET-Transaction-Trace: 5f3257e4-1d41-4a51-848f-80f132d6b33e-1180516-22587461
< 
* Connection #0 to host apitest.cybersource.com left intact
*   Trying 66.185.182.49:443...
* Connected to apitest.cybersource.com (66.185.182.49) port 443
* ALPN: curl offers h2,http/1.1
*  CAfile: D:\xampp\htdocs\ahmed-admin-qa\vendor\cybersource\rest-client-php\lib\ssl/cacert.pem
*  CApath: none
* SSL connection using TLSv1.2 / ECDHE-RSA-AES256-GCM-SHA384
* ALPN: server did not agree on a protocol. Uses default.
* Server certificate:
*  subject: jurisdictionC=US; jurisdictionST=Delaware; businessCategory=Private Organization; serialNumber=802339; C=US; ST=California; L=Foster City; O=Visa International Service Association; CN=apitest.cybersource.com
*  start date: Jul  7 00:00:00 2025 GMT
*  expire date: Jul  6 23:59:59 2026 GMT
*  subjectAltName: host "apitest.cybersource.com" matched cert's "apitest.cybersource.com"
*  issuer: C=US; O=DigiCert Inc; CN=DigiCert EV RSA CA G2
*  SSL certificate verify ok.
* using HTTP/1.x
> POST /up/v1/capture-contexts HTTP/1.1
Host: apitest.cybersource.com
User-Agent: Swagger-Codegen/1.0.0/php
Accept:  application/jwt
Content-Type:  application/json
v-c-merchant-id: cbq_510000669_test
Signature: keyid="7e6fe91b-5753-48c5-a9c1-d403695ffa1b", algorithm="HmacSHA256", headers="host date request-target digest v-c-merchant-id", signature="0uyi3q6xWBGfwmPoZz9jYBID1yKOJ2OehJs+3JoyCNM="
Date: Tue, 07 Oct 2025 14:30:22 GMT
v-c-client-id: cybs-rest-sdk-php-0.0.65
Digest:  SHA-256=5meZw4G9I6pUCjCYV/tTbvn6TxYB3W/y79dSXwNDCe4=
Content-Length: 1014

< HTTP/1.1 201 Created
< v-c-merchant-id: cbq_510000669_test
< v-c-session-id: c480b3f9-6713-462e-9bb1-bd8d11f57f14
< content-type: application/jwt
< cache-control: no-store
< pragma: no-cache
< content-length: 5815
< x-envoy-upstream-service-time: 25
< date: Tue, 07 Oct 2025 10:30:23 GMT
< server: istio-envoy
< Connection: keep-alive
< Strict-Transport-Security: max-age=31536000
< v-c-correlation-id: e8662e9f-1e82-4e7f-9537-c3418e26ed34
< X-OPNET-Transaction-Trace: 5f3257e4-1d41-4a51-848f-80f132d6b33e-1180516-22594095
< 
* Connection #0 to host apitest.cybersource.com left intact
*   Trying 66.185.182.49:443...
* Connected to apitest.cybersource.com (66.185.182.49) port 443
* ALPN: curl offers h2,http/1.1
*  CAfile: D:\xampp\htdocs\ahmed-admin-qa\vendor\cybersource\rest-client-php\lib\ssl/cacert.pem
*  CApath: none
* SSL connection using TLSv1.2 / ECDHE-RSA-AES256-GCM-SHA384
* ALPN: server did not agree on a protocol. Uses default.
* Server certificate:
*  subject: jurisdictionC=US; jurisdictionST=Delaware; businessCategory=Private Organization; serialNumber=802339; C=US; ST=California; L=Foster City; O=Visa International Service Association; CN=apitest.cybersource.com
*  start date: Jul  7 00:00:00 2025 GMT
*  expire date: Jul  6 23:59:59 2026 GMT
*  subjectAltName: host "apitest.cybersource.com" matched cert's "apitest.cybersource.com"
*  issuer: C=US; O=DigiCert Inc; CN=DigiCert EV RSA CA G2
*  SSL certificate verify ok.
* using HTTP/1.x
> POST /up/v1/capture-contexts HTTP/1.1
Host: apitest.cybersource.com
User-Agent: Swagger-Codegen/1.0.0/php
Accept:  application/jwt
Content-Type:  application/json
v-c-merchant-id: cbq_510000669_test
Signature: keyid="7e6fe91b-5753-48c5-a9c1-d403695ffa1b", algorithm="HmacSHA256", headers="host date request-target digest v-c-merchant-id", signature="DYZXBPcNjh57b7vpzv9ApIBjtcHPEn7kgv5pLL1aufE="
Date: Tue, 07 Oct 2025 14:31:41 GMT
v-c-client-id: cybs-rest-sdk-php-0.0.65
Digest:  SHA-256=5meZw4G9I6pUCjCYV/tTbvn6TxYB3W/y79dSXwNDCe4=
Content-Length: 1014

< HTTP/1.1 201 Created
< v-c-merchant-id: cbq_510000669_test
< v-c-session-id: 066c96de-af7e-4df3-8376-02f55b7edb1d
< content-type: application/jwt
< cache-control: no-store
< pragma: no-cache
< content-length: 5815
< x-envoy-upstream-service-time: 21
< date: Tue, 07 Oct 2025 10:31:43 GMT
< server: istio-envoy
< Connection: keep-alive
< Strict-Transport-Security: max-age=31536000
< v-c-correlation-id: c49af466-a889-4a99-8e7f-f57adf2c2fae
< X-OPNET-Transaction-Trace: 934de25f-e7ea-4bd1-be1c-02ab3dbc7a6b-1228642-22657675
< 
* Connection #0 to host apitest.cybersource.com left intact
*   Trying 66.185.182.49:443...
* Connected to apitest.cybersource.com (66.185.182.49) port 443
* ALPN: curl offers h2,http/1.1
*  CAfile: D:\xampp\htdocs\ahmed-admin-qa\vendor\cybersource\rest-client-php\lib\ssl/cacert.pem
*  CApath: none
* SSL connection using TLSv1.2 / ECDHE-RSA-AES256-GCM-SHA384
* ALPN: server did not agree on a protocol. Uses default.
* Server certificate:
*  subject: jurisdictionC=US; jurisdictionST=Delaware; businessCategory=Private Organization; serialNumber=802339; C=US; ST=California; L=Foster City; O=Visa International Service Association; CN=apitest.cybersource.com
*  start date: Jul  7 00:00:00 2025 GMT
*  expire date: Jul  6 23:59:59 2026 GMT
*  subjectAltName: host "apitest.cybersource.com" matched cert's "apitest.cybersource.com"
*  issuer: C=US; O=DigiCert Inc; CN=DigiCert EV RSA CA G2
*  SSL certificate verify ok.
* using HTTP/1.x
> POST /up/v1/capture-contexts HTTP/1.1
Host: apitest.cybersource.com
User-Agent: Swagger-Codegen/1.0.0/php
Accept:  application/jwt
Content-Type:  application/json
v-c-merchant-id: cbq_510000669_test
Signature: keyid="7e6fe91b-5753-48c5-a9c1-d403695ffa1b", algorithm="HmacSHA256", headers="host date request-target digest v-c-merchant-id", signature="bUVHxzKQijoe9+M/kiTXhX7pHtnn4HzU1g2c9dcDUL4="
Date: Tue, 07 Oct 2025 14:36:19 GMT
v-c-client-id: cybs-rest-sdk-php-0.0.65
Digest:  SHA-256=bDecjZxs5SjjcQqM1VtU2Ol4KfOqbjVMHC93wFel+GE=
Content-Length: 1006

< HTTP/1.1 201 Created
< v-c-merchant-id: cbq_510000669_test
< v-c-session-id: bf600d43-044e-4c22-b7b9-65a2cc5f6486
< content-type: application/jwt
< cache-control: no-store
< pragma: no-cache
< content-length: 5805
< x-envoy-upstream-service-time: 21
< date: Tue, 07 Oct 2025 10:36:20 GMT
< server: istio-envoy
< Connection: keep-alive
< Strict-Transport-Security: max-age=31536000
< v-c-correlation-id: e31c21d3-564a-47ef-b159-c88852231200
< X-OPNET-Transaction-Trace: 934de25f-e7ea-4bd1-be1c-02ab3dbc7a6b-1228642-22668782
< 
* Connection #0 to host apitest.cybersource.com left intact
*   Trying 66.185.182.49:443...
* Connected to apitest.cybersource.com (66.185.182.49) port 443
* ALPN: curl offers h2,http/1.1
*  CAfile: D:\xampp\htdocs\ahmed-admin-qa\vendor\cybersource\rest-client-php\lib\ssl/cacert.pem
*  CApath: none
* SSL connection using TLSv1.2 / ECDHE-RSA-AES256-GCM-SHA384
* ALPN: server did not agree on a protocol. Uses default.
* Server certificate:
*  subject: jurisdictionC=US; jurisdictionST=Delaware; businessCategory=Private Organization; serialNumber=802339; C=US; ST=California; L=Foster City; O=Visa International Service Association; CN=apitest.cybersource.com
*  start date: Jul  7 00:00:00 2025 GMT
*  expire date: Jul  6 23:59:59 2026 GMT
*  subjectAltName: host "apitest.cybersource.com" matched cert's "apitest.cybersource.com"
*  issuer: C=US; O=DigiCert Inc; CN=DigiCert EV RSA CA G2
*  SSL certificate verify ok.
* using HTTP/1.x
> POST /up/v1/capture-contexts HTTP/1.1
Host: apitest.cybersource.com
User-Agent: Swagger-Codegen/1.0.0/php
Accept:  application/jwt
Content-Type:  application/json
v-c-merchant-id: cbq_510000669_test
Signature: keyid="7e6fe91b-5753-48c5-a9c1-d403695ffa1b", algorithm="HmacSHA256", headers="host date request-target digest v-c-merchant-id", signature="r9fmKMVlPXAJujY9MbD/eXfGUmt43/RZBnwwog1X/Sg="
Date: Tue, 07 Oct 2025 14:36:40 GMT
v-c-client-id: cybs-rest-sdk-php-0.0.65
Digest:  SHA-256=bDecjZxs5SjjcQqM1VtU2Ol4KfOqbjVMHC93wFel+GE=
Content-Length: 1006

< HTTP/1.1 201 Created
< v-c-merchant-id: cbq_510000669_test
< v-c-session-id: 5db43ec0-2da3-4a99-b672-ac0986e80119
< content-type: application/jwt
< cache-control: no-store
< pragma: no-cache
< content-length: 5805
< x-envoy-upstream-service-time: 28
< date: Tue, 07 Oct 2025 10:36:41 GMT
< server: istio-envoy
< Connection: keep-alive
< Strict-Transport-Security: max-age=31536000
< v-c-correlation-id: b1033fe1-4328-4e4e-92e4-cf02b9a081d9
< X-OPNET-Transaction-Trace: 934de25f-e7ea-4bd1-be1c-02ab3dbc7a6b-1228642-22669534
< 
* Connection #0 to host apitest.cybersource.com left intact
*   Trying 66.185.182.49:443...
* Connected to apitest.cybersource.com (66.185.182.49) port 443
* ALPN: curl offers h2,http/1.1
*  CAfile: D:\xampp\htdocs\ahmed-admin-qa\vendor\cybersource\rest-client-php\lib\ssl/cacert.pem
*  CApath: none
* SSL connection using TLSv1.2 / ECDHE-RSA-AES256-GCM-SHA384
* ALPN: server did not agree on a protocol. Uses default.
* Server certificate:
*  subject: jurisdictionC=US; jurisdictionST=Delaware; businessCategory=Private Organization; serialNumber=802339; C=US; ST=California; L=Foster City; O=Visa International Service Association; CN=apitest.cybersource.com
*  start date: Jul  7 00:00:00 2025 GMT
*  expire date: Jul  6 23:59:59 2026 GMT
*  subjectAltName: host "apitest.cybersource.com" matched cert's "apitest.cybersource.com"
*  issuer: C=US; O=DigiCert Inc; CN=DigiCert EV RSA CA G2
*  SSL certificate verify ok.
* using HTTP/1.x
> POST /up/v1/capture-contexts HTTP/1.1
Host: apitest.cybersource.com
User-Agent: Swagger-Codegen/1.0.0/php
Accept:  application/jwt
Content-Type:  application/json
v-c-merchant-id: cbq_510000669_test
Signature: keyid="7e6fe91b-5753-48c5-a9c1-d403695ffa1b", algorithm="HmacSHA256", headers="host date request-target digest v-c-merchant-id", signature="1SqvH/WRXfp7rxx0CDum0KKAQS+YR6ffu34q6qZoZoM="
Date: Tue, 07 Oct 2025 14:37:50 GMT
v-c-client-id: cybs-rest-sdk-php-0.0.65
Digest:  SHA-256=5meZw4G9I6pUCjCYV/tTbvn6TxYB3W/y79dSXwNDCe4=
Content-Length: 1014

< HTTP/1.1 201 Created
< v-c-merchant-id: cbq_510000669_test
< v-c-session-id: 8d998590-d3ca-405c-8e1f-4ccd955dd88e
< content-type: application/jwt
< cache-control: no-store
< pragma: no-cache
< content-length: 5815
< x-envoy-upstream-service-time: 37
< date: Tue, 07 Oct 2025 10:37:51 GMT
< server: istio-envoy
< Connection: keep-alive
< Strict-Transport-Security: max-age=31536000
< v-c-correlation-id: ca513208-0e44-4502-8ad4-d9863e0dcf43
< X-OPNET-Transaction-Trace: 934de25f-e7ea-4bd1-be1c-02ab3dbc7a6b-1228642-22671889
< 
* Connection #0 to host apitest.cybersource.com left intact
*   Trying 66.185.182.49:443...
* Connected to apitest.cybersource.com (66.185.182.49) port 443
* ALPN: curl offers h2,http/1.1
*  CAfile: D:\xampp\htdocs\ahmed-admin-qa\vendor\cybersource\rest-client-php\lib\ssl/cacert.pem
*  CApath: none
* SSL connection using TLSv1.2 / ECDHE-RSA-AES256-GCM-SHA384
* ALPN: server did not agree on a protocol. Uses default.
* Server certificate:
*  subject: jurisdictionC=US; jurisdictionST=Delaware; businessCategory=Private Organization; serialNumber=802339; C=US; ST=California; L=Foster City; O=Visa International Service Association; CN=apitest.cybersource.com
*  start date: Jul  7 00:00:00 2025 GMT
*  expire date: Jul  6 23:59:59 2026 GMT
*  subjectAltName: host "apitest.cybersource.com" matched cert's "apitest.cybersource.com"
*  issuer: C=US; O=DigiCert Inc; CN=DigiCert EV RSA CA G2
*  SSL certificate verify ok.
* using HTTP/1.x
> POST /up/v1/capture-contexts HTTP/1.1
Host: apitest.cybersource.com
User-Agent: Swagger-Codegen/1.0.0/php
Accept:  application/jwt
Content-Type:  application/json
v-c-merchant-id: cbq_510000669_test
Signature: keyid="7e6fe91b-5753-48c5-a9c1-d403695ffa1b", algorithm="HmacSHA256", headers="host date request-target digest v-c-merchant-id", signature="xGlzCDUpMxpYBPZvxOjR5g/FgiT/QCmHXCInjBsVADU="
Date: Tue, 07 Oct 2025 15:19:20 GMT
v-c-client-id: cybs-rest-sdk-php-0.0.65
Digest:  SHA-256=tpVbGI4HqTboQh+2sMFLSiYATwoqtwsM67LEKyODPD8=
Content-Length: 1015

< HTTP/1.1 201 Created
< v-c-merchant-id: cbq_510000669_test
< v-c-session-id: f40efa49-9353-42fe-bc44-d8f2db1ddabc
< content-type: application/jwt
< cache-control: no-store
< pragma: no-cache
< content-length: 5818
< x-envoy-upstream-service-time: 22
< date: Tue, 07 Oct 2025 11:19:22 GMT
< server: istio-envoy
< Connection: keep-alive
< Strict-Transport-Security: max-age=31536000
< v-c-correlation-id: d3d6b7b6-aefc-4792-8d49-92a353e62910
< X-OPNET-Transaction-Trace: 255df1e0-83d6-4275-89d7-91f2b2cc0c4e-1210023-22724014
< 
* Connection #0 to host apitest.cybersource.com left intact
*   Trying 66.185.182.49:443...
* Connected to apitest.cybersource.com (66.185.182.49) port 443
* ALPN: curl offers h2,http/1.1
*  CAfile: D:\xampp\htdocs\ahmed-admin-qa\vendor\cybersource\rest-client-php\lib\ssl/cacert.pem
*  CApath: none
* SSL connection using TLSv1.2 / ECDHE-RSA-AES256-GCM-SHA384
* ALPN: server did not agree on a protocol. Uses default.
* Server certificate:
*  subject: jurisdictionC=US; jurisdictionST=Delaware; businessCategory=Private Organization; serialNumber=802339; C=US; ST=California; L=Foster City; O=Visa International Service Association; CN=apitest.cybersource.com
*  start date: Jul  7 00:00:00 2025 GMT
*  expire date: Jul  6 23:59:59 2026 GMT
*  subjectAltName: host "apitest.cybersource.com" matched cert's "apitest.cybersource.com"
*  issuer: C=US; O=DigiCert Inc; CN=DigiCert EV RSA CA G2
*  SSL certificate verify ok.
* using HTTP/1.x
> POST /up/v1/capture-contexts HTTP/1.1
Host: apitest.cybersource.com
User-Agent: Swagger-Codegen/1.0.0/php
Accept:  application/jwt
Content-Type:  application/json
v-c-merchant-id: cbq_510000669_test
Signature: keyid="7e6fe91b-5753-48c5-a9c1-d403695ffa1b", algorithm="HmacSHA256", headers="host date request-target digest v-c-merchant-id", signature="k3NlQLB/9l+higcEDPJz+oqSdMM8+BtIF+zY8w2pOms="
Date: Tue, 07 Oct 2025 15:20:03 GMT
v-c-client-id: cybs-rest-sdk-php-0.0.65
Digest:  SHA-256=tpVbGI4HqTboQh+2sMFLSiYATwoqtwsM67LEKyODPD8=
Content-Length: 1015

< HTTP/1.1 201 Created
< v-c-merchant-id: cbq_510000669_test
< v-c-session-id: bac9edd5-4057-423d-b60d-0d330c4c7102
< content-type: application/jwt
< cache-control: no-store
< pragma: no-cache
< content-length: 5818
< x-envoy-upstream-service-time: 22
< date: Tue, 07 Oct 2025 11:20:04 GMT
< server: istio-envoy
< Connection: keep-alive
< Strict-Transport-Security: max-age=31536000
< v-c-correlation-id: 2d11e92d-1dfd-4ac5-b83e-94442a5f4156
< X-OPNET-Transaction-Trace: 5f3257e4-1d41-4a51-848f-80f132d6b33e-1180516-22709146
< 
* Connection #0 to host apitest.cybersource.com left intact
*   Trying 66.185.182.49:443...
* Connected to apitest.cybersource.com (66.185.182.49) port 443
* ALPN: curl offers h2,http/1.1
*  CAfile: D:\xampp\htdocs\ahmed-admin-qa\vendor\cybersource\rest-client-php\lib\ssl/cacert.pem
*  CApath: none
* SSL connection using TLSv1.2 / ECDHE-RSA-AES256-GCM-SHA384
* ALPN: server did not agree on a protocol. Uses default.
* Server certificate:
*  subject: jurisdictionC=US; jurisdictionST=Delaware; businessCategory=Private Organization; serialNumber=802339; C=US; ST=California; L=Foster City; O=Visa International Service Association; CN=apitest.cybersource.com
*  start date: Jul  7 00:00:00 2025 GMT
*  expire date: Jul  6 23:59:59 2026 GMT
*  subjectAltName: host "apitest.cybersource.com" matched cert's "apitest.cybersource.com"
*  issuer: C=US; O=DigiCert Inc; CN=DigiCert EV RSA CA G2
*  SSL certificate verify ok.
* using HTTP/1.x
> POST /up/v1/capture-contexts HTTP/1.1
Host: apitest.cybersource.com
User-Agent: Swagger-Codegen/1.0.0/php
Accept:  application/jwt
Content-Type:  application/json
v-c-merchant-id: cbq_510000669_test
Signature: keyid="7e6fe91b-5753-48c5-a9c1-d403695ffa1b", algorithm="HmacSHA256", headers="host date request-target digest v-c-merchant-id", signature="859amFvbnLF9tNnX1y7hbZC9ghwgDz6AkN0gWS2DyWQ="
Date: Tue, 07 Oct 2025 15:29:46 GMT
v-c-client-id: cybs-rest-sdk-php-0.0.65
Digest:  SHA-256=tpVbGI4HqTboQh+2sMFLSiYATwoqtwsM67LEKyODPD8=
Content-Length: 1015

< HTTP/1.1 201 Created
< v-c-merchant-id: cbq_510000669_test
< v-c-session-id: 55f1d90a-fb08-4303-a158-c718ef603b16
< content-type: application/jwt
< cache-control: no-store
< pragma: no-cache
< content-length: 5818
< x-envoy-upstream-service-time: 34
< date: Tue, 07 Oct 2025 11:29:47 GMT
< server: istio-envoy
< Connection: keep-alive
< Strict-Transport-Security: max-age=31536000
< v-c-correlation-id: 7c90e78a-51f2-4acb-92ea-249f9ca3c7cb
< X-OPNET-Transaction-Trace: 255df1e0-83d6-4275-89d7-91f2b2cc0c4e-1210023-22747539
< 
* Connection #0 to host apitest.cybersource.com left intact
*   Trying 66.185.182.49:443...
* Connected to apitest.cybersource.com (66.185.182.49) port 443
* ALPN: curl offers h2,http/1.1
*  CAfile: D:\xampp\htdocs\ahmed-admin-qa\vendor\cybersource\rest-client-php\lib\ssl/cacert.pem
*  CApath: none
* SSL connection using TLSv1.2 / ECDHE-RSA-AES256-GCM-SHA384
* ALPN: server did not agree on a protocol. Uses default.
* Server certificate:
*  subject: jurisdictionC=US; jurisdictionST=Delaware; businessCategory=Private Organization; serialNumber=802339; C=US; ST=California; L=Foster City; O=Visa International Service Association; CN=apitest.cybersource.com
*  start date: Jul  7 00:00:00 2025 GMT
*  expire date: Jul  6 23:59:59 2026 GMT
*  subjectAltName: host "apitest.cybersource.com" matched cert's "apitest.cybersource.com"
*  issuer: C=US; O=DigiCert Inc; CN=DigiCert EV RSA CA G2
*  SSL certificate verify ok.
* using HTTP/1.x
> POST /up/v1/capture-contexts HTTP/1.1
Host: apitest.cybersource.com
User-Agent: Swagger-Codegen/1.0.0/php
Accept:  application/jwt
Content-Type:  application/json
v-c-merchant-id: cbq_510000669_test
Signature: keyid="7e6fe91b-5753-48c5-a9c1-d403695ffa1b", algorithm="HmacSHA256", headers="host date request-target digest v-c-merchant-id", signature="NEvVefLacfEtuS0S+4Fi+ct0rfk6wa4PBokplid3ntU="
Date: Tue, 07 Oct 2025 15:32:24 GMT
v-c-client-id: cybs-rest-sdk-php-0.0.65
Digest:  SHA-256=tpVbGI4HqTboQh+2sMFLSiYATwoqtwsM67LEKyODPD8=
Content-Length: 1015

< HTTP/1.1 201 Created
< v-c-merchant-id: cbq_510000669_test
< v-c-session-id: 85db9a5f-7dcc-483c-9598-2b4e3a512268
< content-type: application/jwt
< cache-control: no-store
< pragma: no-cache
< content-length: 5818
< x-envoy-upstream-service-time: 19
< date: Tue, 07 Oct 2025 11:32:25 GMT
< server: istio-envoy
< Connection: keep-alive
< Strict-Transport-Security: max-age=31536000
< v-c-correlation-id: 0c1200f3-fe21-4834-9f0d-1dbb0cb896b0
< X-OPNET-Transaction-Trace: 5f3257e4-1d41-4a51-848f-80f132d6b33e-1180516-22736442
< 
* Connection #0 to host apitest.cybersource.com left intact
*   Trying 66.185.182.49:443...
* Connected to apitest.cybersource.com (66.185.182.49) port 443
* ALPN: curl offers h2,http/1.1
*  CAfile: D:\xampp\htdocs\ahmed-admin-qa\vendor\cybersource\rest-client-php\lib\ssl/cacert.pem
*  CApath: none
* SSL connection using TLSv1.2 / ECDHE-RSA-AES256-GCM-SHA384
* ALPN: server did not agree on a protocol. Uses default.
* Server certificate:
*  subject: jurisdictionC=US; jurisdictionST=Delaware; businessCategory=Private Organization; serialNumber=802339; C=US; ST=California; L=Foster City; O=Visa International Service Association; CN=apitest.cybersource.com
*  start date: Jul  7 00:00:00 2025 GMT
*  expire date: Jul  6 23:59:59 2026 GMT
*  subjectAltName: host "apitest.cybersource.com" matched cert's "apitest.cybersource.com"
*  issuer: C=US; O=DigiCert Inc; CN=DigiCert EV RSA CA G2
*  SSL certificate verify ok.
* using HTTP/1.x
> POST /up/v1/capture-contexts HTTP/1.1
Host: apitest.cybersource.com
User-Agent: Swagger-Codegen/1.0.0/php
Accept:  application/jwt
Content-Type:  application/json
v-c-merchant-id: cbq_510000669_test
Signature: keyid="7e6fe91b-5753-48c5-a9c1-d403695ffa1b", algorithm="HmacSHA256", headers="host date request-target digest v-c-merchant-id", signature="p2kfxpBHZySpbILR74NPXofvyi2ZSvDqPKLyHb8L2nk="
Date: Tue, 07 Oct 2025 15:34:19 GMT
v-c-client-id: cybs-rest-sdk-php-0.0.65
Digest:  SHA-256=tpVbGI4HqTboQh+2sMFLSiYATwoqtwsM67LEKyODPD8=
Content-Length: 1015

< HTTP/1.1 201 Created
< v-c-merchant-id: cbq_510000669_test
< v-c-session-id: 3a16cc81-4efb-462b-b7d2-46c8a9f26f31
< content-type: application/jwt
< cache-control: no-store
< pragma: no-cache
< content-length: 5818
< x-envoy-upstream-service-time: 24
< date: Tue, 07 Oct 2025 11:34:20 GMT
< server: istio-envoy
< Connection: keep-alive
< Strict-Transport-Security: max-age=31536000
< v-c-correlation-id: bf7e0d08-94d8-4c66-9e9c-439b63011df1
< X-OPNET-Transaction-Trace: 934de25f-e7ea-4bd1-be1c-02ab3dbc7a6b-1228642-22801303
< 
* Connection #0 to host apitest.cybersource.com left intact
*   Trying 66.185.182.49:443...
* Connected to apitest.cybersource.com (66.185.182.49) port 443
* ALPN: curl offers h2,http/1.1
*  CAfile: D:\xampp\htdocs\ahmed-admin-qa\vendor\cybersource\rest-client-php\lib\ssl/cacert.pem
*  CApath: none
* SSL connection using TLSv1.2 / ECDHE-RSA-AES256-GCM-SHA384
* ALPN: server did not agree on a protocol. Uses default.
* Server certificate:
*  subject: jurisdictionC=US; jurisdictionST=Delaware; businessCategory=Private Organization; serialNumber=802339; C=US; ST=California; L=Foster City; O=Visa International Service Association; CN=apitest.cybersource.com
*  start date: Jul  7 00:00:00 2025 GMT
*  expire date: Jul  6 23:59:59 2026 GMT
*  subjectAltName: host "apitest.cybersource.com" matched cert's "apitest.cybersource.com"
*  issuer: C=US; O=DigiCert Inc; CN=DigiCert EV RSA CA G2
*  SSL certificate verify ok.
* using HTTP/1.x
> POST /up/v1/capture-contexts HTTP/1.1
Host: apitest.cybersource.com
User-Agent: Swagger-Codegen/1.0.0/php
Accept:  application/jwt
Content-Type:  application/json
v-c-merchant-id: cbq_510000669_test
Signature: keyid="7e6fe91b-5753-48c5-a9c1-d403695ffa1b", algorithm="HmacSHA256", headers="host date request-target digest v-c-merchant-id", signature="DaJgiQHHvKrfJhs7lF4ezEV45aP9IElU9DRcd/EwSgQ="
Date: Tue, 07 Oct 2025 15:35:50 GMT
v-c-client-id: cybs-rest-sdk-php-0.0.65
Digest:  SHA-256=tpVbGI4HqTboQh+2sMFLSiYATwoqtwsM67LEKyODPD8=
Content-Length: 1015

< HTTP/1.1 201 Created
< v-c-merchant-id: cbq_510000669_test
< v-c-session-id: bab6d318-a576-44d8-ab5e-5145b47ffd06
< content-type: application/jwt
< cache-control: no-store
< pragma: no-cache
< content-length: 5818
< x-envoy-upstream-service-time: 27
< date: Tue, 07 Oct 2025 11:35:52 GMT
< server: istio-envoy
< Connection: keep-alive
< Strict-Transport-Security: max-age=31536000
< v-c-correlation-id: 61488afc-cd1f-4009-b7c1-1fcab234237a
< X-OPNET-Transaction-Trace: 5f3257e4-1d41-4a51-848f-80f132d6b33e-1180516-22743768
< 
* Connection #0 to host apitest.cybersource.com left intact
*   Trying 66.185.182.49:443...
* Connected to apitest.cybersource.com (66.185.182.49) port 443
* ALPN: curl offers h2,http/1.1
*  CAfile: D:\xampp\htdocs\ahmed-admin-qa\vendor\cybersource\rest-client-php\lib\ssl/cacert.pem
*  CApath: none
* SSL connection using TLSv1.2 / ECDHE-RSA-AES256-GCM-SHA384
* ALPN: server did not agree on a protocol. Uses default.
* Server certificate:
*  subject: jurisdictionC=US; jurisdictionST=Delaware; businessCategory=Private Organization; serialNumber=802339; C=US; ST=California; L=Foster City; O=Visa International Service Association; CN=apitest.cybersource.com
*  start date: Jul  7 00:00:00 2025 GMT
*  expire date: Jul  6 23:59:59 2026 GMT
*  subjectAltName: host "apitest.cybersource.com" matched cert's "apitest.cybersource.com"
*  issuer: C=US; O=DigiCert Inc; CN=DigiCert EV RSA CA G2
*  SSL certificate verify ok.
* using HTTP/1.x
> POST /up/v1/capture-contexts HTTP/1.1
Host: apitest.cybersource.com
User-Agent: Swagger-Codegen/1.0.0/php
Accept:  application/jwt
Content-Type:  application/json
v-c-merchant-id: cbq_510000669_test
Signature: keyid="7e6fe91b-5753-48c5-a9c1-d403695ffa1b", algorithm="HmacSHA256", headers="host date request-target digest v-c-merchant-id", signature="JTh1OAg04fyWky3UQomYoVi+IusrHKgTvOCT9fPe5fw="
Date: Tue, 07 Oct 2025 15:36:35 GMT
v-c-client-id: cybs-rest-sdk-php-0.0.65
Digest:  SHA-256=JleODk7WWCIe8NgXLGzOMJgqiwl1OTLsJClDdRPeJ2k=
Content-Length: 1007

< HTTP/1.1 201 Created
< v-c-merchant-id: cbq_510000669_test
< v-c-session-id: 9518ca87-10e9-46cc-904a-31df37000012
< content-type: application/jwt
< cache-control: no-store
< pragma: no-cache
< content-length: 5807
< x-envoy-upstream-service-time: 19
< date: Tue, 07 Oct 2025 11:36:36 GMT
< server: istio-envoy
< Connection: keep-alive
< Strict-Transport-Security: max-age=31536000
< v-c-correlation-id: 17b6f0a5-376b-46db-89ac-d50e31a0b22a
< X-OPNET-Transaction-Trace: 934de25f-e7ea-4bd1-be1c-02ab3dbc7a6b-1228642-22806204
< 
* Connection #0 to host apitest.cybersource.com left intact
*   Trying 66.185.182.49:443...
* Connected to apitest.cybersource.com (66.185.182.49) port 443
* ALPN: curl offers h2,http/1.1
*  CAfile: D:\xampp\htdocs\ahmed-admin-qa\vendor\cybersource\rest-client-php\lib\ssl/cacert.pem
*  CApath: none
* SSL connection using TLSv1.2 / ECDHE-RSA-AES256-GCM-SHA384
* ALPN: server did not agree on a protocol. Uses default.
* Server certificate:
*  subject: jurisdictionC=US; jurisdictionST=Delaware; businessCategory=Private Organization; serialNumber=802339; C=US; ST=California; L=Foster City; O=Visa International Service Association; CN=apitest.cybersource.com
*  start date: Jul  7 00:00:00 2025 GMT
*  expire date: Jul  6 23:59:59 2026 GMT
*  subjectAltName: host "apitest.cybersource.com" matched cert's "apitest.cybersource.com"
*  issuer: C=US; O=DigiCert Inc; CN=DigiCert EV RSA CA G2
*  SSL certificate verify ok.
* using HTTP/1.x
> POST /up/v1/capture-contexts HTTP/1.1
Host: apitest.cybersource.com
User-Agent: Swagger-Codegen/1.0.0/php
Accept:  application/jwt
Content-Type:  application/json
v-c-merchant-id: cbq_510000669_test
Signature: keyid="7e6fe91b-5753-48c5-a9c1-d403695ffa1b", algorithm="HmacSHA256", headers="host date request-target digest v-c-merchant-id", signature="Iubj2cfcE2MR7CvwUlWMOj+4S53S1bPDRZEX+E9rEow="
Date: Tue, 07 Oct 2025 15:37:14 GMT
v-c-client-id: cybs-rest-sdk-php-0.0.65
Digest:  SHA-256=AZhAnPk4i597JtXTinZidQy+cUuhtDqQFBdqxliAX7A=
Content-Length: 1012

< HTTP/1.1 201 Created
< v-c-merchant-id: cbq_510000669_test
< v-c-session-id: 084c53e7-2db9-4592-84b6-37f32be2b353
< content-type: application/jwt
< cache-control: no-store
< pragma: no-cache
< content-length: 5814
< x-envoy-upstream-service-time: 19
< date: Tue, 07 Oct 2025 11:37:15 GMT
< server: istio-envoy
< Connection: keep-alive
< Strict-Transport-Security: max-age=31536000
< v-c-correlation-id: 9a7864cf-6674-4ac4-ab47-02f32e7f1388
< X-OPNET-Transaction-Trace: 5f3257e4-1d41-4a51-848f-80f132d6b33e-1180516-22746568
< 
* Connection #0 to host apitest.cybersource.com left intact
*   Trying 66.185.182.49:443...
* Connected to apitest.cybersource.com (66.185.182.49) port 443
* ALPN: curl offers h2,http/1.1
*  CAfile: D:\xampp\htdocs\ahmed-admin-qa\vendor\cybersource\rest-client-php\lib\ssl/cacert.pem
*  CApath: none
* SSL connection using TLSv1.2 / ECDHE-RSA-AES256-GCM-SHA384
* ALPN: server did not agree on a protocol. Uses default.
* Server certificate:
*  subject: jurisdictionC=US; jurisdictionST=Delaware; businessCategory=Private Organization; serialNumber=802339; C=US; ST=California; L=Foster City; O=Visa International Service Association; CN=apitest.cybersource.com
*  start date: Jul  7 00:00:00 2025 GMT
*  expire date: Jul  6 23:59:59 2026 GMT
*  subjectAltName: host "apitest.cybersource.com" matched cert's "apitest.cybersource.com"
*  issuer: C=US; O=DigiCert Inc; CN=DigiCert EV RSA CA G2
*  SSL certificate verify ok.
* using HTTP/1.x
> POST /up/v1/capture-contexts HTTP/1.1
Host: apitest.cybersource.com
User-Agent: Swagger-Codegen/1.0.0/php
Accept:  application/jwt
Content-Type:  application/json
v-c-merchant-id: cbq_510000669_test
Signature: keyid="7e6fe91b-5753-48c5-a9c1-d403695ffa1b", algorithm="HmacSHA256", headers="host date request-target digest v-c-merchant-id", signature="FbNF7+gGB3kTkVq/Pqwm239Xg6TzXSYxBNVO5GGLBPw="
Date: Tue, 07 Oct 2025 15:37:59 GMT
v-c-client-id: cybs-rest-sdk-php-0.0.65
Digest:  SHA-256=JleODk7WWCIe8NgXLGzOMJgqiwl1OTLsJClDdRPeJ2k=
Content-Length: 1007

< HTTP/1.1 201 Created
< v-c-merchant-id: cbq_510000669_test
< v-c-session-id: 59d6ceee-1feb-4b7c-95a4-1867ecf2583c
< content-type: application/jwt
< cache-control: no-store
< pragma: no-cache
< content-length: 5807
< x-envoy-upstream-service-time: 29
< date: Tue, 07 Oct 2025 11:38:00 GMT
< server: istio-envoy
< Connection: keep-alive
< Strict-Transport-Security: max-age=31536000
< v-c-correlation-id: 4e2da216-8716-4aae-8310-76395380e592
< X-OPNET-Transaction-Trace: 5f3257e4-1d41-4a51-848f-80f132d6b33e-1180516-22747949
< 
* Connection #0 to host apitest.cybersource.com left intact
*   Trying 66.185.182.49:443...
* Connected to apitest.cybersource.com (66.185.182.49) port 443
* ALPN: curl offers h2,http/1.1
*  CAfile: D:\xampp\htdocs\ahmed-admin-qa\vendor\cybersource\rest-client-php\lib\ssl/cacert.pem
*  CApath: none
* SSL connection using TLSv1.2 / ECDHE-RSA-AES256-GCM-SHA384
* ALPN: server did not agree on a protocol. Uses default.
* Server certificate:
*  subject: jurisdictionC=US; jurisdictionST=Delaware; businessCategory=Private Organization; serialNumber=802339; C=US; ST=California; L=Foster City; O=Visa International Service Association; CN=apitest.cybersource.com
*  start date: Jul  7 00:00:00 2025 GMT
*  expire date: Jul  6 23:59:59 2026 GMT
*  subjectAltName: host "apitest.cybersource.com" matched cert's "apitest.cybersource.com"
*  issuer: C=US; O=DigiCert Inc; CN=DigiCert EV RSA CA G2
*  SSL certificate verify ok.
* using HTTP/1.x
> POST /up/v1/capture-contexts HTTP/1.1
Host: apitest.cybersource.com
User-Agent: Swagger-Codegen/1.0.0/php
Accept:  application/jwt
Content-Type:  application/json
v-c-merchant-id: cbq_510000669_test
Signature: keyid="7e6fe91b-5753-48c5-a9c1-d403695ffa1b", algorithm="HmacSHA256", headers="host date request-target digest v-c-merchant-id", signature="hQNt1KPKH7pYVDjNf2Sn/SgncYvsvOxd9ZRZmE9C/OI="
Date: Tue, 07 Oct 2025 15:38:47 GMT
v-c-client-id: cybs-rest-sdk-php-0.0.65
Digest:  SHA-256=tpVbGI4HqTboQh+2sMFLSiYATwoqtwsM67LEKyODPD8=
Content-Length: 1015

< HTTP/1.1 201 Created
< v-c-merchant-id: cbq_510000669_test
< v-c-session-id: 2c6b8f79-0174-4113-8519-96fbbd0aa1e0
< content-type: application/jwt
< cache-control: no-store
< pragma: no-cache
< content-length: 5818
< x-envoy-upstream-service-time: 23
< date: Tue, 07 Oct 2025 11:38:48 GMT
< server: istio-envoy
< Connection: keep-alive
< Strict-Transport-Security: max-age=31536000
< v-c-correlation-id: c53675d6-ed4c-460e-a346-41046e6e3736
< X-OPNET-Transaction-Trace: 934de25f-e7ea-4bd1-be1c-02ab3dbc7a6b-1228642-22810480
< 
* Connection #0 to host apitest.cybersource.com left intact
*   Trying 66.185.182.49:443...
* Connected to apitest.cybersource.com (66.185.182.49) port 443
* ALPN: curl offers h2,http/1.1
*  CAfile: D:\xampp\htdocs\ahmed-admin-qa\vendor\cybersource\rest-client-php\lib\ssl/cacert.pem
*  CApath: none
* SSL connection using TLSv1.2 / ECDHE-RSA-AES256-GCM-SHA384
* ALPN: server did not agree on a protocol. Uses default.
* Server certificate:
*  subject: jurisdictionC=US; jurisdictionST=Delaware; businessCategory=Private Organization; serialNumber=802339; C=US; ST=California; L=Foster City; O=Visa International Service Association; CN=apitest.cybersource.com
*  start date: Jul  7 00:00:00 2025 GMT
*  expire date: Jul  6 23:59:59 2026 GMT
*  subjectAltName: host "apitest.cybersource.com" matched cert's "apitest.cybersource.com"
*  issuer: C=US; O=DigiCert Inc; CN=DigiCert EV RSA CA G2
*  SSL certificate verify ok.
* using HTTP/1.x
> POST /up/v1/capture-contexts HTTP/1.1
Host: apitest.cybersource.com
User-Agent: Swagger-Codegen/1.0.0/php
Accept:  application/jwt
Content-Type:  application/json
v-c-merchant-id: cbq_510000669_test
Signature: keyid="7e6fe91b-5753-48c5-a9c1-d403695ffa1b", algorithm="HmacSHA256", headers="host date request-target digest v-c-merchant-id", signature="NfmjN/jp2vNpulJ3MQxTDn8BqibOBiLusKiwpbZ1hvU="
Date: Tue, 07 Oct 2025 15:38:58 GMT
v-c-client-id: cybs-rest-sdk-php-0.0.65
Digest:  SHA-256=JleODk7WWCIe8NgXLGzOMJgqiwl1OTLsJClDdRPeJ2k=
Content-Length: 1007

< HTTP/1.1 201 Created
< v-c-merchant-id: cbq_510000669_test
< v-c-session-id: c48ae936-4100-4c63-957c-30f4bc10dff3
< content-type: application/jwt
< cache-control: no-store
< pragma: no-cache
< content-length: 5807
< x-envoy-upstream-service-time: 32
< date: Tue, 07 Oct 2025 11:38:59 GMT
< server: istio-envoy
< Connection: keep-alive
< Strict-Transport-Security: max-age=31536000
< v-c-correlation-id: 4daf49f8-87cb-46a6-82b0-f638318504c5
< X-OPNET-Transaction-Trace: 255df1e0-83d6-4275-89d7-91f2b2cc0c4e-1210023-22766606
< 
* Connection #0 to host apitest.cybersource.com left intact
*   Trying 66.185.182.49:443...
* Connected to apitest.cybersource.com (66.185.182.49) port 443
* ALPN: curl offers h2,http/1.1
*  CAfile: D:\xampp\htdocs\ahmed-admin-qa\vendor\cybersource\rest-client-php\lib\ssl/cacert.pem
*  CApath: none
* SSL connection using TLSv1.2 / ECDHE-RSA-AES256-GCM-SHA384
* ALPN: server did not agree on a protocol. Uses default.
* Server certificate:
*  subject: jurisdictionC=US; jurisdictionST=Delaware; businessCategory=Private Organization; serialNumber=802339; C=US; ST=California; L=Foster City; O=Visa International Service Association; CN=apitest.cybersource.com
*  start date: Jul  7 00:00:00 2025 GMT
*  expire date: Jul  6 23:59:59 2026 GMT
*  subjectAltName: host "apitest.cybersource.com" matched cert's "apitest.cybersource.com"
*  issuer: C=US; O=DigiCert Inc; CN=DigiCert EV RSA CA G2
*  SSL certificate verify ok.
* using HTTP/1.x
> POST /up/v1/capture-contexts HTTP/1.1
Host: apitest.cybersource.com
User-Agent: Swagger-Codegen/1.0.0/php
Accept:  application/jwt
Content-Type:  application/json
v-c-merchant-id: cbq_510000669_test
Signature: keyid="7e6fe91b-5753-48c5-a9c1-d403695ffa1b", algorithm="HmacSHA256", headers="host date request-target digest v-c-merchant-id", signature="EtE4hEHI59QxA8hwf232NFumsn0CipFl+VcmKkAwQOI="
Date: Tue, 07 Oct 2025 15:39:59 GMT
v-c-client-id: cybs-rest-sdk-php-0.0.65
Digest:  SHA-256=tpVbGI4HqTboQh+2sMFLSiYATwoqtwsM67LEKyODPD8=
Content-Length: 1015

< HTTP/1.1 201 Created
< v-c-merchant-id: cbq_510000669_test
< v-c-session-id: fd516c32-b1bd-4d33-8688-b856fb1cd4fb
< content-type: application/jwt
< cache-control: no-store
< pragma: no-cache
< content-length: 5818
< x-envoy-upstream-service-time: 18
< date: Tue, 07 Oct 2025 11:40:01 GMT
< server: istio-envoy
< Connection: keep-alive
< Strict-Transport-Security: max-age=31536000
< v-c-correlation-id: ee22f21e-4277-44b4-8531-790fe5212a19
< X-OPNET-Transaction-Trace: 255df1e0-83d6-4275-89d7-91f2b2cc0c4e-1210023-22768777
< 
* Connection #0 to host apitest.cybersource.com left intact
*   Trying 66.185.182.49:443...
* Connected to apitest.cybersource.com (66.185.182.49) port 443
* ALPN: curl offers h2,http/1.1
*  CAfile: D:\xampp\htdocs\ahmed-admin-qa\vendor\cybersource\rest-client-php\lib\ssl/cacert.pem
*  CApath: none
* SSL connection using TLSv1.2 / ECDHE-RSA-AES256-GCM-SHA384
* ALPN: server did not agree on a protocol. Uses default.
* Server certificate:
*  subject: jurisdictionC=US; jurisdictionST=Delaware; businessCategory=Private Organization; serialNumber=802339; C=US; ST=California; L=Foster City; O=Visa International Service Association; CN=apitest.cybersource.com
*  start date: Jul  7 00:00:00 2025 GMT
*  expire date: Jul  6 23:59:59 2026 GMT
*  subjectAltName: host "apitest.cybersource.com" matched cert's "apitest.cybersource.com"
*  issuer: C=US; O=DigiCert Inc; CN=DigiCert EV RSA CA G2
*  SSL certificate verify ok.
* using HTTP/1.x
> POST /up/v1/capture-contexts HTTP/1.1
Host: apitest.cybersource.com
User-Agent: Swagger-Codegen/1.0.0/php
Accept:  application/jwt
Content-Type:  application/json
v-c-merchant-id: cbq_510000669_test
Signature: keyid="7e6fe91b-5753-48c5-a9c1-d403695ffa1b", algorithm="HmacSHA256", headers="host date request-target digest v-c-merchant-id", signature="rRmT63e4pKCbaikfraiUVeae6lkZgAweOHzgnRS4kzw="
Date: Tue, 07 Oct 2025 15:40:15 GMT
v-c-client-id: cybs-rest-sdk-php-0.0.65
Digest:  SHA-256=JleODk7WWCIe8NgXLGzOMJgqiwl1OTLsJClDdRPeJ2k=
Content-Length: 1007

< HTTP/1.1 201 Created
< v-c-merchant-id: cbq_510000669_test
< v-c-session-id: 7b7f3023-8f73-4b3e-a8ff-93c23e64b489
< content-type: application/jwt
< cache-control: no-store
< pragma: no-cache
< content-length: 5807
< x-envoy-upstream-service-time: 24
< date: Tue, 07 Oct 2025 11:40:17 GMT
< server: istio-envoy
< Connection: keep-alive
< Strict-Transport-Security: max-age=31536000
< v-c-correlation-id: 7aa04f86-6e70-4223-86ae-faae6375a781
< X-OPNET-Transaction-Trace: 934de25f-e7ea-4bd1-be1c-02ab3dbc7a6b-1228642-22813694
< 
* Connection #0 to host apitest.cybersource.com left intact
*   Trying 66.185.182.49:443...
* Connected to apitest.cybersource.com (66.185.182.49) port 443
* ALPN: curl offers h2,http/1.1
*  CAfile: D:\xampp\htdocs\ahmed-admin-qa\vendor\cybersource\rest-client-php\lib\ssl/cacert.pem
*  CApath: none
* SSL connection using TLSv1.2 / ECDHE-RSA-AES256-GCM-SHA384
* ALPN: server did not agree on a protocol. Uses default.
* Server certificate:
*  subject: jurisdictionC=US; jurisdictionST=Delaware; businessCategory=Private Organization; serialNumber=802339; C=US; ST=California; L=Foster City; O=Visa International Service Association; CN=apitest.cybersource.com
*  start date: Jul  7 00:00:00 2025 GMT
*  expire date: Jul  6 23:59:59 2026 GMT
*  subjectAltName: host "apitest.cybersource.com" matched cert's "apitest.cybersource.com"
*  issuer: C=US; O=DigiCert Inc; CN=DigiCert EV RSA CA G2
*  SSL certificate verify ok.
* using HTTP/1.x
> POST /up/v1/capture-contexts HTTP/1.1
Host: apitest.cybersource.com
User-Agent: Swagger-Codegen/1.0.0/php
Accept:  application/jwt
Content-Type:  application/json
v-c-merchant-id: cbq_510000669_test
Signature: keyid="7e6fe91b-5753-48c5-a9c1-d403695ffa1b", algorithm="HmacSHA256", headers="host date request-target digest v-c-merchant-id", signature="heMkRo/sXR1XF4Mqrgyj0HVSFcEYJvJIAsUGAsShok0="
Date: Tue, 07 Oct 2025 15:42:52 GMT
v-c-client-id: cybs-rest-sdk-php-0.0.65
Digest:  SHA-256=JleODk7WWCIe8NgXLGzOMJgqiwl1OTLsJClDdRPeJ2k=
Content-Length: 1007

< HTTP/1.1 201 Created
< v-c-merchant-id: cbq_510000669_test
< v-c-session-id: ccc3b56a-e408-491b-a26e-1ecbce6a6f89
< content-type: application/jwt
< cache-control: no-store
< pragma: no-cache
< content-length: 5807
< x-envoy-upstream-service-time: 23
< date: Tue, 07 Oct 2025 11:42:53 GMT
< server: istio-envoy
< Connection: keep-alive
< Strict-Transport-Security: max-age=31536000
< v-c-correlation-id: f3b22b30-59a5-424b-bb3d-cf1a79932be2
< X-OPNET-Transaction-Trace: 934de25f-e7ea-4bd1-be1c-02ab3dbc7a6b-1228642-22818336
< 
* Connection #0 to host apitest.cybersource.com left intact
*   Trying 66.185.182.49:443...
* Connected to apitest.cybersource.com (66.185.182.49) port 443
* ALPN: curl offers h2,http/1.1
*  CAfile: D:\xampp\htdocs\ahmed-admin-qa\vendor\cybersource\rest-client-php\lib\ssl/cacert.pem
*  CApath: none
* SSL connection using TLSv1.2 / ECDHE-RSA-AES256-GCM-SHA384
* ALPN: server did not agree on a protocol. Uses default.
* Server certificate:
*  subject: jurisdictionC=US; jurisdictionST=Delaware; businessCategory=Private Organization; serialNumber=802339; C=US; ST=California; L=Foster City; O=Visa International Service Association; CN=apitest.cybersource.com
*  start date: Jul  7 00:00:00 2025 GMT
*  expire date: Jul  6 23:59:59 2026 GMT
*  subjectAltName: host "apitest.cybersource.com" matched cert's "apitest.cybersource.com"
*  issuer: C=US; O=DigiCert Inc; CN=DigiCert EV RSA CA G2
*  SSL certificate verify ok.
* using HTTP/1.x
> POST /up/v1/capture-contexts HTTP/1.1
Host: apitest.cybersource.com
User-Agent: Swagger-Codegen/1.0.0/php
Accept:  application/jwt
Content-Type:  application/json
v-c-merchant-id: cbq_510000669_test
Signature: keyid="7e6fe91b-5753-48c5-a9c1-d403695ffa1b", algorithm="HmacSHA256", headers="host date request-target digest v-c-merchant-id", signature="KHiauAOVqsBimFnnqfJko5I4+B6x1UIXjY9G83DqPto="
Date: Tue, 07 Oct 2025 15:43:08 GMT
v-c-client-id: cybs-rest-sdk-php-0.0.65
Digest:  SHA-256=JleODk7WWCIe8NgXLGzOMJgqiwl1OTLsJClDdRPeJ2k=
Content-Length: 1007

< HTTP/1.1 201 Created
< v-c-merchant-id: cbq_510000669_test
< v-c-session-id: 9e4f0cb8-fbd0-4c18-b7c9-519933c4cb0b
< content-type: application/jwt
< cache-control: no-store
< pragma: no-cache
< content-length: 5807
< x-envoy-upstream-service-time: 23
< date: Tue, 07 Oct 2025 11:43:10 GMT
< server: istio-envoy
< Connection: keep-alive
< Strict-Transport-Security: max-age=31536000
< v-c-correlation-id: 3a44afe1-a729-4fb3-ac8a-4847dc54bf6e
< X-OPNET-Transaction-Trace: 934de25f-e7ea-4bd1-be1c-02ab3dbc7a6b-1228642-22818464
< 
* Connection #0 to host apitest.cybersource.com left intact
*   Trying 66.185.182.49:443...
* Connected to apitest.cybersource.com (66.185.182.49) port 443
* ALPN: curl offers h2,http/1.1
*  CAfile: D:\xampp\htdocs\ahmed-admin-qa\vendor\cybersource\rest-client-php\lib\ssl/cacert.pem
*  CApath: none
* SSL connection using TLSv1.2 / ECDHE-RSA-AES256-GCM-SHA384
* ALPN: server did not agree on a protocol. Uses default.
* Server certificate:
*  subject: jurisdictionC=US; jurisdictionST=Delaware; businessCategory=Private Organization; serialNumber=802339; C=US; ST=California; L=Foster City; O=Visa International Service Association; CN=apitest.cybersource.com
*  start date: Jul  7 00:00:00 2025 GMT
*  expire date: Jul  6 23:59:59 2026 GMT
*  subjectAltName: host "apitest.cybersource.com" matched cert's "apitest.cybersource.com"
*  issuer: C=US; O=DigiCert Inc; CN=DigiCert EV RSA CA G2
*  SSL certificate verify ok.
* using HTTP/1.x
> POST /up/v1/capture-contexts HTTP/1.1
Host: apitest.cybersource.com
User-Agent: Swagger-Codegen/1.0.0/php
Accept:  application/jwt
Content-Type:  application/json
v-c-merchant-id: cbq_510000669_test
Signature: keyid="7e6fe91b-5753-48c5-a9c1-d403695ffa1b", algorithm="HmacSHA256", headers="host date request-target digest v-c-merchant-id", signature="u/QVrVu9rTJaRlVYAUPcMfjmu5NQbPrDvZ2Yebnu2OU="
Date: Tue, 07 Oct 2025 15:43:56 GMT
v-c-client-id: cybs-rest-sdk-php-0.0.65
Digest:  SHA-256=tpVbGI4HqTboQh+2sMFLSiYATwoqtwsM67LEKyODPD8=
Content-Length: 1015

< HTTP/1.1 201 Created
< v-c-merchant-id: cbq_510000669_test
< v-c-session-id: 0c7a9417-021a-4b70-ad79-6b9ec906a9f9
< content-type: application/jwt
< cache-control: no-store
< pragma: no-cache
< content-length: 5818
< x-envoy-upstream-service-time: 19
< date: Tue, 07 Oct 2025 11:43:57 GMT
< server: istio-envoy
< Connection: keep-alive
< Strict-Transport-Security: max-age=31536000
< v-c-correlation-id: 7ff86c1a-effe-4cc0-b70a-6f8c673d7186
< X-OPNET-Transaction-Trace: 255df1e0-83d6-4275-89d7-91f2b2cc0c4e-1210023-22775605
< 
* Connection #0 to host apitest.cybersource.com left intact
*   Trying 66.185.182.49:443...
* Connected to apitest.cybersource.com (66.185.182.49) port 443
* ALPN: curl offers h2,http/1.1
*  CAfile: D:\xampp\htdocs\ahmed-admin-qa\vendor\cybersource\rest-client-php\lib\ssl/cacert.pem
*  CApath: none
* SSL connection using TLSv1.2 / ECDHE-RSA-AES256-GCM-SHA384
* ALPN: server did not agree on a protocol. Uses default.
* Server certificate:
*  subject: jurisdictionC=US; jurisdictionST=Delaware; businessCategory=Private Organization; serialNumber=802339; C=US; ST=California; L=Foster City; O=Visa International Service Association; CN=apitest.cybersource.com
*  start date: Jul  7 00:00:00 2025 GMT
*  expire date: Jul  6 23:59:59 2026 GMT
*  subjectAltName: host "apitest.cybersource.com" matched cert's "apitest.cybersource.com"
*  issuer: C=US; O=DigiCert Inc; CN=DigiCert EV RSA CA G2
*  SSL certificate verify ok.
* using HTTP/1.x
> POST /up/v1/capture-contexts HTTP/1.1
Host: apitest.cybersource.com
User-Agent: Swagger-Codegen/1.0.0/php
Accept:  application/jwt
Content-Type:  application/json
v-c-merchant-id: cbq_510000669_test
Signature: keyid="7e6fe91b-5753-48c5-a9c1-d403695ffa1b", algorithm="HmacSHA256", headers="host date request-target digest v-c-merchant-id", signature="3WNhjlejP2GcH9QdFtTrENwhg+zL7fEjK0FBJvCGGYM="
Date: Tue, 07 Oct 2025 15:44:06 GMT
v-c-client-id: cybs-rest-sdk-php-0.0.65
Digest:  SHA-256=tpVbGI4HqTboQh+2sMFLSiYATwoqtwsM67LEKyODPD8=
Content-Length: 1015

< HTTP/1.1 201 Created
< v-c-merchant-id: cbq_510000669_test
< v-c-session-id: c423cfdb-81a0-4902-9652-ede81996c02b
< content-type: application/jwt
< cache-control: no-store
< pragma: no-cache
< content-length: 5818
< x-envoy-upstream-service-time: 23
< date: Tue, 07 Oct 2025 11:44:07 GMT
< server: istio-envoy
< Connection: keep-alive
< Strict-Transport-Security: max-age=31536000
< v-c-correlation-id: 52e06417-ba64-46b4-bcca-9116e277871c
< X-OPNET-Transaction-Trace: 5f3257e4-1d41-4a51-848f-80f132d6b33e-1180516-22759330
< 
* Connection #0 to host apitest.cybersource.com left intact
*   Trying 66.185.182.49:443...
* Connected to apitest.cybersource.com (66.185.182.49) port 443
* ALPN: curl offers h2,http/1.1
*  CAfile: D:\xampp\htdocs\ahmed-admin-qa\vendor\cybersource\rest-client-php\lib\ssl/cacert.pem
*  CApath: none
* SSL connection using TLSv1.2 / ECDHE-RSA-AES256-GCM-SHA384
* ALPN: server did not agree on a protocol. Uses default.
* Server certificate:
*  subject: jurisdictionC=US; jurisdictionST=Delaware; businessCategory=Private Organization; serialNumber=802339; C=US; ST=California; L=Foster City; O=Visa International Service Association; CN=apitest.cybersource.com
*  start date: Jul  7 00:00:00 2025 GMT
*  expire date: Jul  6 23:59:59 2026 GMT
*  subjectAltName: host "apitest.cybersource.com" matched cert's "apitest.cybersource.com"
*  issuer: C=US; O=DigiCert Inc; CN=DigiCert EV RSA CA G2
*  SSL certificate verify ok.
* using HTTP/1.x
> POST /up/v1/capture-contexts HTTP/1.1
Host: apitest.cybersource.com
User-Agent: Swagger-Codegen/1.0.0/php
Accept:  application/jwt
Content-Type:  application/json
v-c-merchant-id: cbq_510000669_test
Signature: keyid="7e6fe91b-5753-48c5-a9c1-d403695ffa1b", algorithm="HmacSHA256", headers="host date request-target digest v-c-merchant-id", signature="zrRvq3GbJffgo+T0R3B8yyc8tdl3xspd2lzQpAKqPTc="
Date: Tue, 07 Oct 2025 15:46:58 GMT
v-c-client-id: cybs-rest-sdk-php-0.0.65
Digest:  SHA-256=tpVbGI4HqTboQh+2sMFLSiYATwoqtwsM67LEKyODPD8=
Content-Length: 1015

< HTTP/1.1 201 Created
< v-c-merchant-id: cbq_510000669_test
< v-c-session-id: fe72bdd1-40d6-4e06-bb53-24f4265157fa
< content-type: application/jwt
< cache-control: no-store
< pragma: no-cache
< content-length: 5818
< x-envoy-upstream-service-time: 16
< date: Tue, 07 Oct 2025 11:47:00 GMT
< server: istio-envoy
< Connection: keep-alive
< Strict-Transport-Security: max-age=31536000
< v-c-correlation-id: 8be0d91d-5c07-4a2f-933d-d864484b204d
< X-OPNET-Transaction-Trace: 934de25f-e7ea-4bd1-be1c-02ab3dbc7a6b-1228642-22824923
< 
* Connection #0 to host apitest.cybersource.com left intact
*   Trying 66.185.182.49:443...
* Connected to apitest.cybersource.com (66.185.182.49) port 443
* ALPN: curl offers h2,http/1.1
*  CAfile: D:\xampp\htdocs\ahmed-admin-qa\vendor\cybersource\rest-client-php\lib\ssl/cacert.pem
*  CApath: none
* SSL connection using TLSv1.2 / ECDHE-RSA-AES256-GCM-SHA384
* ALPN: server did not agree on a protocol. Uses default.
* Server certificate:
*  subject: jurisdictionC=US; jurisdictionST=Delaware; businessCategory=Private Organization; serialNumber=802339; C=US; ST=California; L=Foster City; O=Visa International Service Association; CN=apitest.cybersource.com
*  start date: Jul  7 00:00:00 2025 GMT
*  expire date: Jul  6 23:59:59 2026 GMT
*  subjectAltName: host "apitest.cybersource.com" matched cert's "apitest.cybersource.com"
*  issuer: C=US; O=DigiCert Inc; CN=DigiCert EV RSA CA G2
*  SSL certificate verify ok.
* using HTTP/1.x
> POST /up/v1/capture-contexts HTTP/1.1
Host: apitest.cybersource.com
User-Agent: Swagger-Codegen/1.0.0/php
Accept:  application/jwt
Content-Type:  application/json
v-c-merchant-id: cbq_510000669_test
Signature: keyid="7e6fe91b-5753-48c5-a9c1-d403695ffa1b", algorithm="HmacSHA256", headers="host date request-target digest v-c-merchant-id", signature="jX25Gcf/iv80PfkMl1qo3En0NW0tb9CLqzrGm7VYJX4="
Date: Tue, 07 Oct 2025 15:49:17 GMT
v-c-client-id: cybs-rest-sdk-php-0.0.65
Digest:  SHA-256=tpVbGI4HqTboQh+2sMFLSiYATwoqtwsM67LEKyODPD8=
Content-Length: 1015

< HTTP/1.1 201 Created
< v-c-merchant-id: cbq_510000669_test
< v-c-session-id: 298c7dac-e27b-4e9d-b1d8-114164f4944f
< content-type: application/jwt
< cache-control: no-store
< pragma: no-cache
< content-length: 5818
< x-envoy-upstream-service-time: 49
< date: Tue, 07 Oct 2025 11:49:18 GMT
< server: istio-envoy
< Connection: keep-alive
< Strict-Transport-Security: max-age=31536000
< v-c-correlation-id: d1117eba-8ebb-427d-9601-7e2310bf1eac
< X-OPNET-Transaction-Trace: 934de25f-e7ea-4bd1-be1c-02ab3dbc7a6b-1228642-22830076
< 
* Connection #0 to host apitest.cybersource.com left intact
*   Trying 66.185.182.49:443...
* Connected to apitest.cybersource.com (66.185.182.49) port 443
* ALPN: curl offers h2,http/1.1
*  CAfile: D:\xampp\htdocs\ahmed-admin-qa\vendor\cybersource\rest-client-php\lib\ssl/cacert.pem
*  CApath: none
* SSL connection using TLSv1.2 / ECDHE-RSA-AES256-GCM-SHA384
* ALPN: server did not agree on a protocol. Uses default.
* Server certificate:
*  subject: jurisdictionC=US; jurisdictionST=Delaware; businessCategory=Private Organization; serialNumber=802339; C=US; ST=California; L=Foster City; O=Visa International Service Association; CN=apitest.cybersource.com
*  start date: Jul  7 00:00:00 2025 GMT
*  expire date: Jul  6 23:59:59 2026 GMT
*  subjectAltName: host "apitest.cybersource.com" matched cert's "apitest.cybersource.com"
*  issuer: C=US; O=DigiCert Inc; CN=DigiCert EV RSA CA G2
*  SSL certificate verify ok.
* using HTTP/1.x
> POST /up/v1/capture-contexts HTTP/1.1
Host: apitest.cybersource.com
User-Agent: Swagger-Codegen/1.0.0/php
Accept:  application/jwt
Content-Type:  application/json
v-c-merchant-id: cbq_510000669_test
Signature: keyid="7e6fe91b-5753-48c5-a9c1-d403695ffa1b", algorithm="HmacSHA256", headers="host date request-target digest v-c-merchant-id", signature="DbzRZm5ph1+XZb7M4o0a6rW+/R/bS2CfTfYbFesHqms="
Date: Tue, 07 Oct 2025 15:50:03 GMT
v-c-client-id: cybs-rest-sdk-php-0.0.65
Digest:  SHA-256=tpVbGI4HqTboQh+2sMFLSiYATwoqtwsM67LEKyODPD8=
Content-Length: 1015

< HTTP/1.1 201 Created
< v-c-merchant-id: cbq_510000669_test
< v-c-session-id: 02274e2d-53db-427c-9619-e90378640fc7
< content-type: application/jwt
< cache-control: no-store
< pragma: no-cache
< content-length: 5818
< x-envoy-upstream-service-time: 25
< date: Tue, 07 Oct 2025 11:50:04 GMT
< server: istio-envoy
< Connection: keep-alive
< Strict-Transport-Security: max-age=31536000
< v-c-correlation-id: 95eaeca7-8144-4613-915f-664c85674c8f
< X-OPNET-Transaction-Trace: 255df1e0-83d6-4275-89d7-91f2b2cc0c4e-1210023-22787227
< 
* Connection #0 to host apitest.cybersource.com left intact
*   Trying 66.185.182.49:443...
* Connected to apitest.cybersource.com (66.185.182.49) port 443
* ALPN: curl offers h2,http/1.1
*  CAfile: D:\xampp\htdocs\ahmed-admin-qa\vendor\cybersource\rest-client-php\lib\ssl/cacert.pem
*  CApath: none
* SSL connection using TLSv1.2 / ECDHE-RSA-AES256-GCM-SHA384
* ALPN: server did not agree on a protocol. Uses default.
* Server certificate:
*  subject: jurisdictionC=US; jurisdictionST=Delaware; businessCategory=Private Organization; serialNumber=802339; C=US; ST=California; L=Foster City; O=Visa International Service Association; CN=apitest.cybersource.com
*  start date: Jul  7 00:00:00 2025 GMT
*  expire date: Jul  6 23:59:59 2026 GMT
*  subjectAltName: host "apitest.cybersource.com" matched cert's "apitest.cybersource.com"
*  issuer: C=US; O=DigiCert Inc; CN=DigiCert EV RSA CA G2
*  SSL certificate verify ok.
* using HTTP/1.x
> POST /up/v1/capture-contexts HTTP/1.1
Host: apitest.cybersource.com
User-Agent: Swagger-Codegen/1.0.0/php
Accept:  application/jwt
Content-Type:  application/json
v-c-merchant-id: cbq_510000669_test
Signature: keyid="7e6fe91b-5753-48c5-a9c1-d403695ffa1b", algorithm="HmacSHA256", headers="host date request-target digest v-c-merchant-id", signature="90jJeWGpoQ3H90ufihguhUwxmH8YQPhhMVdoRlZbnpA="
Date: Tue, 07 Oct 2025 15:53:34 GMT
v-c-client-id: cybs-rest-sdk-php-0.0.65
Digest:  SHA-256=tpVbGI4HqTboQh+2sMFLSiYATwoqtwsM67LEKyODPD8=
Content-Length: 1015

< HTTP/1.1 201 Created
< v-c-merchant-id: cbq_510000669_test
< v-c-session-id: 922363d8-1d70-42f9-afc1-f1b58a6c322a
< content-type: application/jwt
< cache-control: no-store
< pragma: no-cache
< content-length: 5818
< x-envoy-upstream-service-time: 19
< date: Tue, 07 Oct 2025 11:53:35 GMT
< server: istio-envoy
< Connection: keep-alive
< Strict-Transport-Security: max-age=31536000
< v-c-correlation-id: f5c94b1f-da1a-4221-8b5f-38813eb689d1
< X-OPNET-Transaction-Trace: 255df1e0-83d6-4275-89d7-91f2b2cc0c4e-1210023-22794333
< 
* Connection #0 to host apitest.cybersource.com left intact
*   Trying 66.185.182.49:443...
* Connected to apitest.cybersource.com (66.185.182.49) port 443
* ALPN: curl offers h2,http/1.1
*  CAfile: D:\xampp\htdocs\ahmed-admin-qa\vendor\cybersource\rest-client-php\lib\ssl/cacert.pem
*  CApath: none
* SSL connection using TLSv1.2 / ECDHE-RSA-AES256-GCM-SHA384
* ALPN: server did not agree on a protocol. Uses default.
* Server certificate:
*  subject: jurisdictionC=US; jurisdictionST=Delaware; businessCategory=Private Organization; serialNumber=802339; C=US; ST=California; L=Foster City; O=Visa International Service Association; CN=apitest.cybersource.com
*  start date: Jul  7 00:00:00 2025 GMT
*  expire date: Jul  6 23:59:59 2026 GMT
*  subjectAltName: host "apitest.cybersource.com" matched cert's "apitest.cybersource.com"
*  issuer: C=US; O=DigiCert Inc; CN=DigiCert EV RSA CA G2
*  SSL certificate verify ok.
* using HTTP/1.x
> POST /up/v1/capture-contexts HTTP/1.1
Host: apitest.cybersource.com
User-Agent: Swagger-Codegen/1.0.0/php
Accept:  application/jwt
Content-Type:  application/json
v-c-merchant-id: cbq_510000669_test
Signature: keyid="7e6fe91b-5753-48c5-a9c1-d403695ffa1b", algorithm="HmacSHA256", headers="host date request-target digest v-c-merchant-id", signature="QReaUAoqlSWZ09/VbGtvjmvDlqTShmv9l9LUjpHWMDw="
Date: Tue, 07 Oct 2025 15:53:54 GMT
v-c-client-id: cybs-rest-sdk-php-0.0.65
Digest:  SHA-256=JleODk7WWCIe8NgXLGzOMJgqiwl1OTLsJClDdRPeJ2k=
Content-Length: 1007

< HTTP/1.1 201 Created
< v-c-merchant-id: cbq_510000669_test
< v-c-session-id: cd554376-c9a9-464e-900e-eda011369419
< content-type: application/jwt
< cache-control: no-store
< pragma: no-cache
< content-length: 5807
< x-envoy-upstream-service-time: 24
< date: Tue, 07 Oct 2025 11:53:55 GMT
< server: istio-envoy
< Connection: keep-alive
< Strict-Transport-Security: max-age=31536000
< v-c-correlation-id: b12a1a53-39d8-48af-be99-f4137ac33a7f
< X-OPNET-Transaction-Trace: 255df1e0-83d6-4275-89d7-91f2b2cc0c4e-1210023-22795022
< 
* Connection #0 to host apitest.cybersource.com left intact
*   Trying 66.185.182.49:443...
* Connected to apitest.cybersource.com (66.185.182.49) port 443
* ALPN: curl offers h2,http/1.1
*  CAfile: D:\xampp\htdocs\ahmed-admin-qa\vendor\cybersource\rest-client-php\lib\ssl/cacert.pem
*  CApath: none
* SSL connection using TLSv1.2 / ECDHE-RSA-AES256-GCM-SHA384
* ALPN: server did not agree on a protocol. Uses default.
* Server certificate:
*  subject: jurisdictionC=US; jurisdictionST=Delaware; businessCategory=Private Organization; serialNumber=802339; C=US; ST=California; L=Foster City; O=Visa International Service Association; CN=apitest.cybersource.com
*  start date: Jul  7 00:00:00 2025 GMT
*  expire date: Jul  6 23:59:59 2026 GMT
*  subjectAltName: host "apitest.cybersource.com" matched cert's "apitest.cybersource.com"
*  issuer: C=US; O=DigiCert Inc; CN=DigiCert EV RSA CA G2
*  SSL certificate verify ok.
* using HTTP/1.x
> POST /up/v1/capture-contexts HTTP/1.1
Host: apitest.cybersource.com
User-Agent: Swagger-Codegen/1.0.0/php
Accept:  application/jwt
Content-Type:  application/json
v-c-merchant-id: cbq_510000669_test
Signature: keyid="7e6fe91b-5753-48c5-a9c1-d403695ffa1b", algorithm="HmacSHA256", headers="host date request-target digest v-c-merchant-id", signature="/CF9e51n0FDO7i+lJPN48xB2bk8FJ3qWQ92/EldOPos="
Date: Tue, 07 Oct 2025 15:55:35 GMT
v-c-client-id: cybs-rest-sdk-php-0.0.65
Digest:  SHA-256=tpVbGI4HqTboQh+2sMFLSiYATwoqtwsM67LEKyODPD8=
Content-Length: 1015

< HTTP/1.1 201 Created
< v-c-merchant-id: cbq_510000669_test
< v-c-session-id: bbe1a7c4-68a1-403e-94e5-f16088e67dc2
< content-type: application/jwt
< cache-control: no-store
< pragma: no-cache
< content-length: 5818
< x-envoy-upstream-service-time: 92
< date: Tue, 07 Oct 2025 11:55:37 GMT
< server: istio-envoy
< Connection: keep-alive
< Strict-Transport-Security: max-age=31536000
< v-c-correlation-id: 08516f2d-c34a-4b9d-8dc1-9374af414b9e
< X-OPNET-Transaction-Trace: 5f3257e4-1d41-4a51-848f-80f132d6b33e-1180516-22782741
< 
* Connection #0 to host apitest.cybersource.com left intact
*   Trying 66.185.182.49:443...
* Connected to apitest.cybersource.com (66.185.182.49) port 443
* ALPN: curl offers h2,http/1.1
*  CAfile: D:\xampp\htdocs\ahmed-admin-qa\vendor\cybersource\rest-client-php\lib\ssl/cacert.pem
*  CApath: none
* SSL connection using TLSv1.2 / ECDHE-RSA-AES256-GCM-SHA384
* ALPN: server did not agree on a protocol. Uses default.
* Server certificate:
*  subject: jurisdictionC=US; jurisdictionST=Delaware; businessCategory=Private Organization; serialNumber=802339; C=US; ST=California; L=Foster City; O=Visa International Service Association; CN=apitest.cybersource.com
*  start date: Jul  7 00:00:00 2025 GMT
*  expire date: Jul  6 23:59:59 2026 GMT
*  subjectAltName: host "apitest.cybersource.com" matched cert's "apitest.cybersource.com"
*  issuer: C=US; O=DigiCert Inc; CN=DigiCert EV RSA CA G2
*  SSL certificate verify ok.
* using HTTP/1.x
> POST /up/v1/capture-contexts HTTP/1.1
Host: apitest.cybersource.com
User-Agent: Swagger-Codegen/1.0.0/php
Accept:  application/jwt
Content-Type:  application/json
v-c-merchant-id: cbq_510000669_test
Signature: keyid="7e6fe91b-5753-48c5-a9c1-d403695ffa1b", algorithm="HmacSHA256", headers="host date request-target digest v-c-merchant-id", signature="yDw8Xep1Qqdhab9zFyQihQss+79UuKS2tx3gmqEccu4="
Date: Tue, 07 Oct 2025 16:02:11 GMT
v-c-client-id: cybs-rest-sdk-php-0.0.65
Digest:  SHA-256=ZvYzKw3j1+BGCGgMaLAa0uDwmJJLZ4bJCghQYrOWeF4=
Content-Length: 1015

< HTTP/1.1 201 Created
< v-c-merchant-id: cbq_510000669_test
< v-c-session-id: 02679e02-b9a8-4a24-a0a7-768b98b69f49
< content-type: application/jwt
< cache-control: no-store
< pragma: no-cache
< content-length: 5818
< x-envoy-upstream-service-time: 21
< date: Tue, 07 Oct 2025 12:02:12 GMT
< server: istio-envoy
< Connection: keep-alive
< Strict-Transport-Security: max-age=31536000
< v-c-correlation-id: 932cac2e-e198-43f0-b707-7a7d948431bf
< X-OPNET-Transaction-Trace: 934de25f-e7ea-4bd1-be1c-02ab3dbc7a6b-1228642-22859197
< 
* Connection #0 to host apitest.cybersource.com left intact
*   Trying 66.185.182.49:443...
* Connected to apitest.cybersource.com (66.185.182.49) port 443
* ALPN: curl offers h2,http/1.1
*  CAfile: D:\xampp\htdocs\ahmed-admin-qa\vendor\cybersource\rest-client-php\lib\ssl/cacert.pem
*  CApath: none
* SSL connection using TLSv1.2 / ECDHE-RSA-AES256-GCM-SHA384
* ALPN: server did not agree on a protocol. Uses default.
* Server certificate:
*  subject: jurisdictionC=US; jurisdictionST=Delaware; businessCategory=Private Organization; serialNumber=802339; C=US; ST=California; L=Foster City; O=Visa International Service Association; CN=apitest.cybersource.com
*  start date: Jul  7 00:00:00 2025 GMT
*  expire date: Jul  6 23:59:59 2026 GMT
*  subjectAltName: host "apitest.cybersource.com" matched cert's "apitest.cybersource.com"
*  issuer: C=US; O=DigiCert Inc; CN=DigiCert EV RSA CA G2
*  SSL certificate verify ok.
* using HTTP/1.x
> POST /up/v1/capture-contexts HTTP/1.1
Host: apitest.cybersource.com
User-Agent: Swagger-Codegen/1.0.0/php
Accept:  application/jwt
Content-Type:  application/json
v-c-merchant-id: cbq_510000669_test
Signature: keyid="7e6fe91b-5753-48c5-a9c1-d403695ffa1b", algorithm="HmacSHA256", headers="host date request-target digest v-c-merchant-id", signature="5imohzj6R4apOBEVOJLBYfMlckMPzT7WFK2aEqp98tw="
Date: Tue, 07 Oct 2025 16:36:22 GMT
v-c-client-id: cybs-rest-sdk-php-0.0.65
Digest:  SHA-256=ZvYzKw3j1+BGCGgMaLAa0uDwmJJLZ4bJCghQYrOWeF4=
Content-Length: 1015

< HTTP/1.1 201 Created
< v-c-merchant-id: cbq_510000669_test
< v-c-session-id: e20f270a-e276-41e1-8d9d-306ce80a1441
< content-type: application/jwt
< cache-control: no-store
< pragma: no-cache
< content-length: 5818
< x-envoy-upstream-service-time: 28
< date: Tue, 07 Oct 2025 12:36:23 GMT
< server: istio-envoy
< Connection: keep-alive
< Strict-Transport-Security: max-age=31536000
< v-c-correlation-id: b299b1c4-838d-446f-90ca-3aa8945e35be
< X-OPNET-Transaction-Trace: 255df1e0-83d6-4275-89d7-91f2b2cc0c4e-1210023-22908462
< 
* Connection #0 to host apitest.cybersource.com left intact
*   Trying 66.185.182.49:443...
* Connected to apitest.cybersource.com (66.185.182.49) port 443
* ALPN: curl offers h2,http/1.1
*  CAfile: D:\xampp\htdocs\ahmed-admin-qa\vendor\cybersource\rest-client-php\lib\ssl/cacert.pem
*  CApath: none
* SSL connection using TLSv1.2 / ECDHE-RSA-AES256-GCM-SHA384
* ALPN: server did not agree on a protocol. Uses default.
* Server certificate:
*  subject: jurisdictionC=US; jurisdictionST=Delaware; businessCategory=Private Organization; serialNumber=802339; C=US; ST=California; L=Foster City; O=Visa International Service Association; CN=apitest.cybersource.com
*  start date: Jul  7 00:00:00 2025 GMT
*  expire date: Jul  6 23:59:59 2026 GMT
*  subjectAltName: host "apitest.cybersource.com" matched cert's "apitest.cybersource.com"
*  issuer: C=US; O=DigiCert Inc; CN=DigiCert EV RSA CA G2
*  SSL certificate verify ok.
* using HTTP/1.x
> POST /up/v1/capture-contexts HTTP/1.1
Host: apitest.cybersource.com
User-Agent: Swagger-Codegen/1.0.0/php
Accept:  application/jwt
Content-Type:  application/json
v-c-merchant-id: cbq_510000669_test
Signature: keyid="7e6fe91b-5753-48c5-a9c1-d403695ffa1b", algorithm="HmacSHA256", headers="host date request-target digest v-c-merchant-id", signature="Oq80jxP9GyyApZDnV969Os3Fab0i1mAWn3OOfuLgLCk="
Date: Tue, 07 Oct 2025 16:38:01 GMT
v-c-client-id: cybs-rest-sdk-php-0.0.65
Digest:  SHA-256=ZvYzKw3j1+BGCGgMaLAa0uDwmJJLZ4bJCghQYrOWeF4=
Content-Length: 1015

< HTTP/1.1 201 Created
< v-c-merchant-id: cbq_510000669_test
< v-c-session-id: 410b8315-e6da-4861-a439-1c125137c362
< content-type: application/jwt
< cache-control: no-store
< pragma: no-cache
< content-length: 5818
< x-envoy-upstream-service-time: 22
< date: Tue, 07 Oct 2025 12:38:02 GMT
< server: istio-envoy
< Connection: keep-alive
< Strict-Transport-Security: max-age=31536000
< v-c-correlation-id: 75968fa9-289f-42a7-9bdc-dfbe2f9711e6
< X-OPNET-Transaction-Trace: 934de25f-e7ea-4bd1-be1c-02ab3dbc7a6b-1228642-22956120
< 
* Connection #0 to host apitest.cybersource.com left intact
*   Trying 66.185.182.49:443...
* Connected to apitest.cybersource.com (66.185.182.49) port 443
* ALPN: curl offers h2,http/1.1
*  CAfile: D:\xampp\htdocs\ahmed-admin-qa\vendor\cybersource\rest-client-php\lib\ssl/cacert.pem
*  CApath: none
* SSL connection using TLSv1.2 / ECDHE-RSA-AES256-GCM-SHA384
* ALPN: server did not agree on a protocol. Uses default.
* Server certificate:
*  subject: jurisdictionC=US; jurisdictionST=Delaware; businessCategory=Private Organization; serialNumber=802339; C=US; ST=California; L=Foster City; O=Visa International Service Association; CN=apitest.cybersource.com
*  start date: Jul  7 00:00:00 2025 GMT
*  expire date: Jul  6 23:59:59 2026 GMT
*  subjectAltName: host "apitest.cybersource.com" matched cert's "apitest.cybersource.com"
*  issuer: C=US; O=DigiCert Inc; CN=DigiCert EV RSA CA G2
*  SSL certificate verify ok.
* using HTTP/1.x
> POST /up/v1/capture-contexts HTTP/1.1
Host: apitest.cybersource.com
User-Agent: Swagger-Codegen/1.0.0/php
Accept:  application/jwt
Content-Type:  application/json
v-c-merchant-id: cbq_510000669_test
Signature: keyid="7e6fe91b-5753-48c5-a9c1-d403695ffa1b", algorithm="HmacSHA256", headers="host date request-target digest v-c-merchant-id", signature="hZIbYiqsxTi6AvlGmrN9C56jGz+x+kCoWZm7qZ9q7iI="
Date: Tue, 07 Oct 2025 16:41:07 GMT
v-c-client-id: cybs-rest-sdk-php-0.0.65
Digest:  SHA-256=ZvYzKw3j1+BGCGgMaLAa0uDwmJJLZ4bJCghQYrOWeF4=
Content-Length: 1015

< HTTP/1.1 201 Created
< v-c-merchant-id: cbq_510000669_test
< v-c-session-id: a587e4ff-080c-422e-afe6-826e3274f270
< content-type: application/jwt
< cache-control: no-store
< pragma: no-cache
< content-length: 5818
< x-envoy-upstream-service-time: 24
< date: Tue, 07 Oct 2025 12:41:08 GMT
< server: istio-envoy
< Connection: keep-alive
< Strict-Transport-Security: max-age=31536000
< v-c-correlation-id: 41a4b902-3b29-4d29-9e4c-7d49e7d6dfd1
< X-OPNET-Transaction-Trace: 934de25f-e7ea-4bd1-be1c-02ab3dbc7a6b-1228642-22963295
< 
* Connection #0 to host apitest.cybersource.com left intact
*   Trying 66.185.182.49:443...
* Connected to apitest.cybersource.com (66.185.182.49) port 443
* ALPN: curl offers h2,http/1.1
*  CAfile: D:\xampp\htdocs\ahmed-admin-qa\vendor\cybersource\rest-client-php\lib\ssl/cacert.pem
*  CApath: none
* SSL connection using TLSv1.2 / ECDHE-RSA-AES256-GCM-SHA384
* ALPN: server did not agree on a protocol. Uses default.
* Server certificate:
*  subject: jurisdictionC=US; jurisdictionST=Delaware; businessCategory=Private Organization; serialNumber=802339; C=US; ST=California; L=Foster City; O=Visa International Service Association; CN=apitest.cybersource.com
*  start date: Jul  7 00:00:00 2025 GMT
*  expire date: Jul  6 23:59:59 2026 GMT
*  subjectAltName: host "apitest.cybersource.com" matched cert's "apitest.cybersource.com"
*  issuer: C=US; O=DigiCert Inc; CN=DigiCert EV RSA CA G2
*  SSL certificate verify ok.
* using HTTP/1.x
> GET /tss/v2/transactions/7598410255786856104514 HTTP/1.1
Host: apitest.cybersource.com
User-Agent: Swagger-Codegen/1.0.0/php
Accept:  application/hal+json;charset=utf-8
Content-Type:  application/json
v-c-merchant-id: cbq_510000669_test
Signature: keyid="7e6fe91b-5753-48c5-a9c1-d403695ffa1b", algorithm="HmacSHA256", headers="host date request-target v-c-merchant-id", signature="IugZAJttjzsT49NVelAWP+ktPkepnXl3QgimHR3bpPg="
Date: Tue, 07 Oct 2025 17:26:29 GMT
v-c-client-id: cybs-rest-sdk-php-0.0.65

< HTTP/1.1 200 
< X-OPNET-Transaction-Trace: a2_f74267a7-3c7a-4662-9d71-711f3b1c3063-2729130-2112060
< ETag: "978642124"
< Last-Modified: Thu, 01 Jan 1970 00:00:00 GMT
< X-XSS-Protection: 1
< X-Content-Type-Options: nosniff
< Content-Security-Policy: default-src 'none'; script-src 'self'; connect-src 'self'; img-src 'self'; style-src 'self';
< Strict-Transport-Security: max-age=31536000; includeSubDomains
< Pragma: no-cache
< Expires: -1
< Cache-Control: no-cache, no-store, max-age=0
< Vary: Accept-Encoding
< Content-Type: application/hal+json;charset=utf-8
< Content-Length: 3869
< Date: Tue, 07 Oct 2025 13:26:30 GMT
< Connection: keep-alive
< v-c-correlation-id: 63998b6b-58f4-4eb0-b71c-9a4dc8a08abc
< 
* Connection #0 to host apitest.cybersource.com left intact
*   Trying 66.185.182.49:443...
* Connected to apitest.cybersource.com (66.185.182.49) port 443
* ALPN: curl offers h2,http/1.1
*  CAfile: D:\xampp\htdocs\ahmed-admin-qa\vendor\cybersource\rest-client-php\lib\ssl/cacert.pem
*  CApath: none
* SSL connection using TLSv1.2 / ECDHE-RSA-AES256-GCM-SHA384
* ALPN: server did not agree on a protocol. Uses default.
* Server certificate:
*  subject: jurisdictionC=US; jurisdictionST=Delaware; businessCategory=Private Organization; serialNumber=802339; C=US; ST=California; L=Foster City; O=Visa International Service Association; CN=apitest.cybersource.com
*  start date: Jul  7 00:00:00 2025 GMT
*  expire date: Jul  6 23:59:59 2026 GMT
*  subjectAltName: host "apitest.cybersource.com" matched cert's "apitest.cybersource.com"
*  issuer: C=US; O=DigiCert Inc; CN=DigiCert EV RSA CA G2
*  SSL certificate verify ok.
* using HTTP/1.x
> GET /tss/v2/transactions/7598410255786856104514 HTTP/1.1
Host: apitest.cybersource.com
User-Agent: Swagger-Codegen/1.0.0/php
Accept:  application/hal+json;charset=utf-8
Content-Type:  application/json
v-c-merchant-id: cbq_510000669_test
Signature: keyid="7e6fe91b-5753-48c5-a9c1-d403695ffa1b", algorithm="HmacSHA256", headers="host date request-target v-c-merchant-id", signature="jA2Ksq/Ha4VobuvAQgF2ZUAzDUTzQ7kMDa1ow4FWwiU="
Date: Tue, 07 Oct 2025 17:27:08 GMT
v-c-client-id: cybs-rest-sdk-php-0.0.65

< HTTP/1.1 200 
< X-OPNET-Transaction-Trace: a2_f74267a7-3c7a-4662-9d71-711f3b1c3063-2729130-2112286
< ETag: "978642124"
< Last-Modified: Thu, 01 Jan 1970 00:00:00 GMT
< X-XSS-Protection: 1
< X-Content-Type-Options: nosniff
< Content-Security-Policy: default-src 'none'; script-src 'self'; connect-src 'self'; img-src 'self'; style-src 'self';
< Strict-Transport-Security: max-age=31536000; includeSubDomains
< Pragma: no-cache
< Expires: -1
< Cache-Control: no-cache, no-store, max-age=0
< Vary: Accept-Encoding
< Content-Type: application/hal+json;charset=utf-8
< Content-Length: 3869
< Date: Tue, 07 Oct 2025 13:27:10 GMT
< Connection: keep-alive
< v-c-correlation-id: 4d161dea-0566-4af9-b85f-f12b6327daff
< 
* Connection #0 to host apitest.cybersource.com left intact
*   Trying 66.185.182.49:443...
* Connected to apitest.cybersource.com (66.185.182.49) port 443
* ALPN: curl offers h2,http/1.1
*  CAfile: D:\xampp\htdocs\ahmed-admin-qa\vendor\cybersource\rest-client-php\lib\ssl/cacert.pem
*  CApath: none
* SSL connection using TLSv1.2 / ECDHE-RSA-AES256-GCM-SHA384
* ALPN: server did not agree on a protocol. Uses default.
* Server certificate:
*  subject: jurisdictionC=US; jurisdictionST=Delaware; businessCategory=Private Organization; serialNumber=802339; C=US; ST=California; L=Foster City; O=Visa International Service Association; CN=apitest.cybersource.com
*  start date: Jul  7 00:00:00 2025 GMT
*  expire date: Jul  6 23:59:59 2026 GMT
*  subjectAltName: host "apitest.cybersource.com" matched cert's "apitest.cybersource.com"
*  issuer: C=US; O=DigiCert Inc; CN=DigiCert EV RSA CA G2
*  SSL certificate verify ok.
* using HTTP/1.x
> GET /tss/v2/transactions/7598410255786856104514 HTTP/1.1
Host: apitest.cybersource.com
User-Agent: Swagger-Codegen/1.0.0/php
Accept:  application/hal+json;charset=utf-8
Content-Type:  application/json
v-c-merchant-id: cbq_510000669_test
Signature: keyid="7e6fe91b-5753-48c5-a9c1-d403695ffa1b", algorithm="HmacSHA256", headers="host date request-target v-c-merchant-id", signature="L22lEZQM7kv0jgU5E+UtYZMeMtyF3I7nf+F1mN1KGcw="
Date: Tue, 07 Oct 2025 17:29:48 GMT
v-c-client-id: cybs-rest-sdk-php-0.0.65

< HTTP/1.1 200 
< X-OPNET-Transaction-Trace: a2_f74267a7-3c7a-4662-9d71-711f3b1c3063-2729130-2113129
< ETag: "978642124"
< Last-Modified: Thu, 01 Jan 1970 00:00:00 GMT
< X-XSS-Protection: 1
< X-Content-Type-Options: nosniff
< Content-Security-Policy: default-src 'none'; script-src 'self'; connect-src 'self'; img-src 'self'; style-src 'self';
< Strict-Transport-Security: max-age=31536000; includeSubDomains
< Pragma: no-cache
< Expires: -1
< Cache-Control: no-cache, no-store, max-age=0
< Vary: Accept-Encoding
< Content-Type: application/hal+json;charset=utf-8
< Content-Length: 3869
< Date: Tue, 07 Oct 2025 13:29:49 GMT
< Connection: keep-alive
< v-c-correlation-id: cffe860d-e37c-4ee8-88ca-dba6b2249983
< 
* Connection #0 to host apitest.cybersource.com left intact
*   Trying 66.185.182.49:443...
* Connected to apitest.cybersource.com (66.185.182.49) port 443
* ALPN: curl offers h2,http/1.1
*  CAfile: D:\xampp\htdocs\ahmed-admin-qa\vendor\cybersource\rest-client-php\lib\ssl/cacert.pem
*  CApath: none
* SSL connection using TLSv1.2 / ECDHE-RSA-AES256-GCM-SHA384
* ALPN: server did not agree on a protocol. Uses default.
* Server certificate:
*  subject: jurisdictionC=US; jurisdictionST=Delaware; businessCategory=Private Organization; serialNumber=802339; C=US; ST=California; L=Foster City; O=Visa International Service Association; CN=apitest.cybersource.com
*  start date: Jul  7 00:00:00 2025 GMT
*  expire date: Jul  6 23:59:59 2026 GMT
*  subjectAltName: host "apitest.cybersource.com" matched cert's "apitest.cybersource.com"
*  issuer: C=US; O=DigiCert Inc; CN=DigiCert EV RSA CA G2
*  SSL certificate verify ok.
* using HTTP/1.x
> GET /tss/v2/transactions/7598410255786856104514 HTTP/1.1
Host: apitest.cybersource.com
User-Agent: Swagger-Codegen/1.0.0/php
Accept:  application/hal+json;charset=utf-8
Content-Type:  application/json
v-c-merchant-id: cbq_510000669_test
Signature: keyid="7e6fe91b-5753-48c5-a9c1-d403695ffa1b", algorithm="HmacSHA256", headers="host date request-target v-c-merchant-id", signature="nC/fhBWBQ9Gcp+BdU+RWCGjk4Qz4aykdhz0YyRObozE="
Date: Tue, 07 Oct 2025 17:30:29 GMT
v-c-client-id: cybs-rest-sdk-php-0.0.65

< HTTP/1.1 200 
< X-OPNET-Transaction-Trace: a2_f74267a7-3c7a-4662-9d71-711f3b1c3063-2729130-2113477
< ETag: "978642124"
< Last-Modified: Thu, 01 Jan 1970 00:00:00 GMT
< X-XSS-Protection: 1
< X-Content-Type-Options: nosniff
< Content-Security-Policy: default-src 'none'; script-src 'self'; connect-src 'self'; img-src 'self'; style-src 'self';
< Strict-Transport-Security: max-age=31536000; includeSubDomains
< Pragma: no-cache
< Expires: -1
< Cache-Control: no-cache, no-store, max-age=0
< Vary: Accept-Encoding
< Content-Type: application/hal+json;charset=utf-8
< Content-Length: 3869
< Date: Tue, 07 Oct 2025 13:30:31 GMT
< Connection: keep-alive
< v-c-correlation-id: 7d29f166-58c8-4aca-a5e2-83a9b2b9da06
< 
* Connection #0 to host apitest.cybersource.com left intact
*   Trying 66.185.182.49:443...
* Connected to apitest.cybersource.com (66.185.182.49) port 443
* ALPN: curl offers h2,http/1.1
*  CAfile: D:\xampp\htdocs\ahmed-admin-qa\vendor\cybersource\rest-client-php\lib\ssl/cacert.pem
*  CApath: none
* SSL connection using TLSv1.2 / ECDHE-RSA-AES256-GCM-SHA384
* ALPN: server did not agree on a protocol. Uses default.
* Server certificate:
*  subject: jurisdictionC=US; jurisdictionST=Delaware; businessCategory=Private Organization; serialNumber=802339; C=US; ST=California; L=Foster City; O=Visa International Service Association; CN=apitest.cybersource.com
*  start date: Jul  7 00:00:00 2025 GMT
*  expire date: Jul  6 23:59:59 2026 GMT
*  subjectAltName: host "apitest.cybersource.com" matched cert's "apitest.cybersource.com"
*  issuer: C=US; O=DigiCert Inc; CN=DigiCert EV RSA CA G2
*  SSL certificate verify ok.
* using HTTP/1.x
> GET /tss/v2/transactions/7598410255786856104514 HTTP/1.1
Host: apitest.cybersource.com
User-Agent: Swagger-Codegen/1.0.0/php
Accept:  application/hal+json;charset=utf-8
Content-Type:  application/json
v-c-merchant-id: cbq_510000669_test
Signature: keyid="7e6fe91b-5753-48c5-a9c1-d403695ffa1b", algorithm="HmacSHA256", headers="host date request-target v-c-merchant-id", signature="rZR4Pi1Lb8bBTWLmYReRZkaRdk90zwLCE1hS1INhjW4="
Date: Tue, 07 Oct 2025 17:30:41 GMT
v-c-client-id: cybs-rest-sdk-php-0.0.65

< HTTP/1.1 200 
< X-OPNET-Transaction-Trace: a2_f74267a7-3c7a-4662-9d71-711f3b1c3063-2729130-2113525
< ETag: "978642124"
< Last-Modified: Thu, 01 Jan 1970 00:00:00 GMT
< X-XSS-Protection: 1
< X-Content-Type-Options: nosniff
< Content-Security-Policy: default-src 'none'; script-src 'self'; connect-src 'self'; img-src 'self'; style-src 'self';
< Strict-Transport-Security: max-age=31536000; includeSubDomains
< Pragma: no-cache
< Expires: -1
< Cache-Control: no-cache, no-store, max-age=0
< Vary: Accept-Encoding
< Content-Type: application/hal+json;charset=utf-8
< Content-Length: 3869
< Date: Tue, 07 Oct 2025 13:30:43 GMT
< Connection: keep-alive
< v-c-correlation-id: 4808f45e-a846-4f08-9d7b-4dc3c1f1b2d0
< 
* Connection #0 to host apitest.cybersource.com left intact
*   Trying 66.185.182.49:443...
* Connected to apitest.cybersource.com (66.185.182.49) port 443
* ALPN: curl offers h2,http/1.1
*  CAfile: D:\xampp\htdocs\ahmed-admin-qa\vendor\cybersource\rest-client-php\lib\ssl/cacert.pem
*  CApath: none
* SSL connection using TLSv1.2 / ECDHE-RSA-AES256-GCM-SHA384
* ALPN: server did not agree on a protocol. Uses default.
* Server certificate:
*  subject: jurisdictionC=US; jurisdictionST=Delaware; businessCategory=Private Organization; serialNumber=802339; C=US; ST=California; L=Foster City; O=Visa International Service Association; CN=apitest.cybersource.com
*  start date: Jul  7 00:00:00 2025 GMT
*  expire date: Jul  6 23:59:59 2026 GMT
*  subjectAltName: host "apitest.cybersource.com" matched cert's "apitest.cybersource.com"
*  issuer: C=US; O=DigiCert Inc; CN=DigiCert EV RSA CA G2
*  SSL certificate verify ok.
* using HTTP/1.x
> GET /tss/v2/transactions/7598410255786856104514 HTTP/1.1
Host: apitest.cybersource.com
User-Agent: Swagger-Codegen/1.0.0/php
Accept:  application/hal+json;charset=utf-8
Content-Type:  application/json
v-c-merchant-id: cbq_510000669_test
Signature: keyid="7e6fe91b-5753-48c5-a9c1-d403695ffa1b", algorithm="HmacSHA256", headers="host date request-target v-c-merchant-id", signature="7Tdb/eSerV3kSUtxrWEFrd7Stt88rFH77WMQ91dEFM8="
Date: Tue, 07 Oct 2025 17:33:34 GMT
v-c-client-id: cybs-rest-sdk-php-0.0.65

< HTTP/1.1 200 
< X-OPNET-Transaction-Trace: a2_f74267a7-3c7a-4662-9d71-711f3b1c3063-2729130-2114538
< ETag: "978642124"
< Last-Modified: Thu, 01 Jan 1970 00:00:00 GMT
< X-XSS-Protection: 1
< X-Content-Type-Options: nosniff
< Content-Security-Policy: default-src 'none'; script-src 'self'; connect-src 'self'; img-src 'self'; style-src 'self';
< Strict-Transport-Security: max-age=31536000; includeSubDomains
< Pragma: no-cache
< Expires: -1
< Cache-Control: no-cache, no-store, max-age=0
< Vary: Accept-Encoding
< Content-Type: application/hal+json;charset=utf-8
< Content-Length: 3869
< Date: Tue, 07 Oct 2025 13:33:36 GMT
< Connection: keep-alive
< v-c-correlation-id: 97101ec1-7ad8-4a8a-976a-15bf07a81c45
< 
* Connection #0 to host apitest.cybersource.com left intact
*   Trying 66.185.182.49:443...
* Connected to apitest.cybersource.com (66.185.182.49) port 443
* ALPN: curl offers h2,http/1.1
*  CAfile: D:\xampp\htdocs\ahmed-admin-qa\vendor\cybersource\rest-client-php\lib\ssl/cacert.pem
*  CApath: none
* SSL connection using TLSv1.2 / ECDHE-RSA-AES256-GCM-SHA384
* ALPN: server did not agree on a protocol. Uses default.
* Server certificate:
*  subject: jurisdictionC=US; jurisdictionST=Delaware; businessCategory=Private Organization; serialNumber=802339; C=US; ST=California; L=Foster City; O=Visa International Service Association; CN=apitest.cybersource.com
*  start date: Jul  7 00:00:00 2025 GMT
*  expire date: Jul  6 23:59:59 2026 GMT
*  subjectAltName: host "apitest.cybersource.com" matched cert's "apitest.cybersource.com"
*  issuer: C=US; O=DigiCert Inc; CN=DigiCert EV RSA CA G2
*  SSL certificate verify ok.
* using HTTP/1.x
> GET /tss/v2/transactions/7598410255786856104514 HTTP/1.1
Host: apitest.cybersource.com
User-Agent: Swagger-Codegen/1.0.0/php
Accept:  application/hal+json;charset=utf-8
Content-Type:  application/json
v-c-merchant-id: cbq_510000669_test
Signature: keyid="7e6fe91b-5753-48c5-a9c1-d403695ffa1b", algorithm="HmacSHA256", headers="host date request-target v-c-merchant-id", signature="TofzjjcMNpEDTKbBI+zAUr5/HgeZlf2+86o2Kt5JgiA="
Date: Tue, 07 Oct 2025 17:33:55 GMT
v-c-client-id: cybs-rest-sdk-php-0.0.65

< HTTP/1.1 200 
< X-OPNET-Transaction-Trace: a2_f74267a7-3c7a-4662-9d71-711f3b1c3063-2729130-2114638
< ETag: "978642124"
< Last-Modified: Thu, 01 Jan 1970 00:00:00 GMT
< X-XSS-Protection: 1
< X-Content-Type-Options: nosniff
< Content-Security-Policy: default-src 'none'; script-src 'self'; connect-src 'self'; img-src 'self'; style-src 'self';
< Strict-Transport-Security: max-age=31536000; includeSubDomains
< Pragma: no-cache
< Expires: -1
< Cache-Control: no-cache, no-store, max-age=0
< Vary: Accept-Encoding
< Content-Type: application/hal+json;charset=utf-8
< Content-Length: 3869
< Date: Tue, 07 Oct 2025 13:33:57 GMT
< Connection: keep-alive
< v-c-correlation-id: 620755f7-88ed-48d0-8b49-5a7e1b2a37bd
< 
* Connection #0 to host apitest.cybersource.com left intact
*   Trying 66.185.182.49:443...
* Connected to apitest.cybersource.com (66.185.182.49) port 443
* ALPN: curl offers h2,http/1.1
*  CAfile: D:\xampp\htdocs\ahmed-admin-qa\vendor\cybersource\rest-client-php\lib\ssl/cacert.pem
*  CApath: none
* SSL connection using TLSv1.2 / ECDHE-RSA-AES256-GCM-SHA384
* ALPN: server did not agree on a protocol. Uses default.
* Server certificate:
*  subject: jurisdictionC=US; jurisdictionST=Delaware; businessCategory=Private Organization; serialNumber=802339; C=US; ST=California; L=Foster City; O=Visa International Service Association; CN=apitest.cybersource.com
*  start date: Jul  7 00:00:00 2025 GMT
*  expire date: Jul  6 23:59:59 2026 GMT
*  subjectAltName: host "apitest.cybersource.com" matched cert's "apitest.cybersource.com"
*  issuer: C=US; O=DigiCert Inc; CN=DigiCert EV RSA CA G2
*  SSL certificate verify ok.
* using HTTP/1.x
> POST /up/v1/capture-contexts HTTP/1.1
Host: apitest.cybersource.com
User-Agent: Swagger-Codegen/1.0.0/php
Accept:  application/jwt
Content-Type:  application/json
v-c-merchant-id: cbq_510000669_test
Signature: keyid="7e6fe91b-5753-48c5-a9c1-d403695ffa1b", algorithm="HmacSHA256", headers="host date request-target digest v-c-merchant-id", signature="KGN35Gu90wATjDitgqgXDM+ji84hSuoehCoEphwLvEo="
Date: Tue, 07 Oct 2025 17:40:03 GMT
v-c-client-id: cybs-rest-sdk-php-0.0.65
Digest:  SHA-256=ZvYzKw3j1+BGCGgMaLAa0uDwmJJLZ4bJCghQYrOWeF4=
Content-Length: 1015

< HTTP/1.1 201 Created
< v-c-merchant-id: cbq_510000669_test
< v-c-session-id: 6fff2526-13e1-42df-bd9a-31635e49f94a
< content-type: application/jwt
< cache-control: no-store
< pragma: no-cache
< content-length: 5818
< x-envoy-upstream-service-time: 34
< date: Tue, 07 Oct 2025 13:40:04 GMT
< server: istio-envoy
< Connection: keep-alive
< Strict-Transport-Security: max-age=31536000
< v-c-correlation-id: 7b39a07c-03d0-4e14-8330-d483e1d7000a
< X-OPNET-Transaction-Trace: 934de25f-e7ea-4bd1-be1c-02ab3dbc7a6b-1228642-23101964
< 
* Connection #0 to host apitest.cybersource.com left intact
*   Trying 66.185.182.49:443...
* Connected to apitest.cybersource.com (66.185.182.49) port 443
* ALPN: curl offers h2,http/1.1
*  CAfile: D:\xampp\htdocs\ahmed-admin-qa\vendor\cybersource\rest-client-php\lib\ssl/cacert.pem
*  CApath: none
* SSL connection using TLSv1.2 / ECDHE-RSA-AES256-GCM-SHA384
* ALPN: server did not agree on a protocol. Uses default.
* Server certificate:
*  subject: jurisdictionC=US; jurisdictionST=Delaware; businessCategory=Private Organization; serialNumber=802339; C=US; ST=California; L=Foster City; O=Visa International Service Association; CN=apitest.cybersource.com
*  start date: Jul  7 00:00:00 2025 GMT
*  expire date: Jul  6 23:59:59 2026 GMT
*  subjectAltName: host "apitest.cybersource.com" matched cert's "apitest.cybersource.com"
*  issuer: C=US; O=DigiCert Inc; CN=DigiCert EV RSA CA G2
*  SSL certificate verify ok.
* using HTTP/1.x
> POST /up/v1/capture-contexts HTTP/1.1
Host: apitest.cybersource.com
User-Agent: Swagger-Codegen/1.0.0/php
Accept:  application/jwt
Content-Type:  application/json
v-c-merchant-id: cbq_510000669_test
Signature: keyid="7e6fe91b-5753-48c5-a9c1-d403695ffa1b", algorithm="HmacSHA256", headers="host date request-target digest v-c-merchant-id", signature="1E+XDlndSo/C3z3pkRpRgPrTzb7KfCR1g71IAFwDKDQ="
Date: Tue, 07 Oct 2025 17:46:02 GMT
v-c-client-id: cybs-rest-sdk-php-0.0.65
Digest:  SHA-256=ZvYzKw3j1+BGCGgMaLAa0uDwmJJLZ4bJCghQYrOWeF4=
Content-Length: 1015

< HTTP/1.1 201 Created
< v-c-merchant-id: cbq_510000669_test
< v-c-session-id: 93a62835-71c2-4f17-9d98-a7f250a6888f
< content-type: application/jwt
< cache-control: no-store
< pragma: no-cache
< content-length: 5818
< x-envoy-upstream-service-time: 21
< date: Tue, 07 Oct 2025 13:46:03 GMT
< server: istio-envoy
< Connection: keep-alive
< Strict-Transport-Security: max-age=31536000
< v-c-correlation-id: 3128cd19-47f0-4ec1-b289-1e97d3c8ea5f
< X-OPNET-Transaction-Trace: 255df1e0-83d6-4275-89d7-91f2b2cc0c4e-1210023-23071945
< 
* Connection #0 to host apitest.cybersource.com left intact
*   Trying 66.185.182.49:443...
* Connected to apitest.cybersource.com (66.185.182.49) port 443
* ALPN: curl offers h2,http/1.1
*  CAfile: D:\xampp\htdocs\ahmed-admin-qa\vendor\cybersource\rest-client-php\lib\ssl/cacert.pem
*  CApath: none
* SSL connection using TLSv1.2 / ECDHE-RSA-AES256-GCM-SHA384
* ALPN: server did not agree on a protocol. Uses default.
* Server certificate:
*  subject: jurisdictionC=US; jurisdictionST=Delaware; businessCategory=Private Organization; serialNumber=802339; C=US; ST=California; L=Foster City; O=Visa International Service Association; CN=apitest.cybersource.com
*  start date: Jul  7 00:00:00 2025 GMT
*  expire date: Jul  6 23:59:59 2026 GMT
*  subjectAltName: host "apitest.cybersource.com" matched cert's "apitest.cybersource.com"
*  issuer: C=US; O=DigiCert Inc; CN=DigiCert EV RSA CA G2
*  SSL certificate verify ok.
* using HTTP/1.x
> POST /up/v1/capture-contexts HTTP/1.1
Host: apitest.cybersource.com
User-Agent: Swagger-Codegen/1.0.0/php
Accept:  application/jwt
Content-Type:  application/json
v-c-merchant-id: cbq_510000669_test
Signature: keyid="7e6fe91b-5753-48c5-a9c1-d403695ffa1b", algorithm="HmacSHA256", headers="host date request-target digest v-c-merchant-id", signature="YENFsgJvIXWN1c1syJbKROWqmswGQXheq8Rkw2SigGQ="
Date: Tue, 07 Oct 2025 17:48:53 GMT
v-c-client-id: cybs-rest-sdk-php-0.0.65
Digest:  SHA-256=ZvYzKw3j1+BGCGgMaLAa0uDwmJJLZ4bJCghQYrOWeF4=
Content-Length: 1015

< HTTP/1.1 201 Created
< v-c-merchant-id: cbq_510000669_test
< v-c-session-id: 5fce6c6f-5a3a-4f6d-82f2-97a379a93041
< content-type: application/jwt
< cache-control: no-store
< pragma: no-cache
< content-length: 5818
< x-envoy-upstream-service-time: 15
< date: Tue, 07 Oct 2025 13:48:55 GMT
< server: istio-envoy
< Connection: keep-alive
< Strict-Transport-Security: max-age=31536000
< v-c-correlation-id: 6feb123c-1653-436a-b0a4-9ce06304e158
< X-OPNET-Transaction-Trace: 934de25f-e7ea-4bd1-be1c-02ab3dbc7a6b-1228642-23123918
< 
* Connection #0 to host apitest.cybersource.com left intact
*   Trying 66.185.182.49:443...
* Connected to apitest.cybersource.com (66.185.182.49) port 443
* ALPN: curl offers h2,http/1.1
*  CAfile: D:\xampp\htdocs\ahmed-admin-qa\vendor\cybersource\rest-client-php\lib\ssl/cacert.pem
*  CApath: none
* SSL connection using TLSv1.2 / ECDHE-RSA-AES256-GCM-SHA384
* ALPN: server did not agree on a protocol. Uses default.
* Server certificate:
*  subject: jurisdictionC=US; jurisdictionST=Delaware; businessCategory=Private Organization; serialNumber=802339; C=US; ST=California; L=Foster City; O=Visa International Service Association; CN=apitest.cybersource.com
*  start date: Jul  7 00:00:00 2025 GMT
*  expire date: Jul  6 23:59:59 2026 GMT
*  subjectAltName: host "apitest.cybersource.com" matched cert's "apitest.cybersource.com"
*  issuer: C=US; O=DigiCert Inc; CN=DigiCert EV RSA CA G2
*  SSL certificate verify ok.
* using HTTP/1.x
> POST /up/v1/capture-contexts HTTP/1.1
Host: apitest.cybersource.com
User-Agent: Swagger-Codegen/1.0.0/php
Accept:  application/jwt
Content-Type:  application/json
v-c-merchant-id: cbq_510000669_test
Signature: keyid="7e6fe91b-5753-48c5-a9c1-d403695ffa1b", algorithm="HmacSHA256", headers="host date request-target digest v-c-merchant-id", signature="kjNSRXBhJ1UaL2eqMlerBWlOHmASv/6/XBO5Z4my88A="
Date: Tue, 07 Oct 2025 17:51:21 GMT
v-c-client-id: cybs-rest-sdk-php-0.0.65
Digest:  SHA-256=ZvYzKw3j1+BGCGgMaLAa0uDwmJJLZ4bJCghQYrOWeF4=
Content-Length: 1015

< HTTP/1.1 201 Created
< v-c-merchant-id: cbq_510000669_test
< v-c-session-id: 676d9287-101c-405f-ac3c-fa85bc89980d
< content-type: application/jwt
< cache-control: no-store
< pragma: no-cache
< content-length: 5818
< x-envoy-upstream-service-time: 18
< date: Tue, 07 Oct 2025 13:51:23 GMT
< server: istio-envoy
< Connection: keep-alive
< Strict-Transport-Security: max-age=31536000
< v-c-correlation-id: d139121d-2b53-4060-9555-1a1461fd2328
< X-OPNET-Transaction-Trace: 255df1e0-83d6-4275-89d7-91f2b2cc0c4e-1210023-23085160
< 
* Connection #0 to host apitest.cybersource.com left intact
*   Trying 66.185.182.49:443...
* Connected to apitest.cybersource.com (66.185.182.49) port 443
* ALPN: curl offers h2,http/1.1
*  CAfile: D:\xampp\htdocs\ahmed-admin-qa\vendor\cybersource\rest-client-php\lib\ssl/cacert.pem
*  CApath: none
* SSL connection using TLSv1.2 / ECDHE-RSA-AES256-GCM-SHA384
* ALPN: server did not agree on a protocol. Uses default.
* Server certificate:
*  subject: jurisdictionC=US; jurisdictionST=Delaware; businessCategory=Private Organization; serialNumber=802339; C=US; ST=California; L=Foster City; O=Visa International Service Association; CN=apitest.cybersource.com
*  start date: Jul  7 00:00:00 2025 GMT
*  expire date: Jul  6 23:59:59 2026 GMT
*  subjectAltName: host "apitest.cybersource.com" matched cert's "apitest.cybersource.com"
*  issuer: C=US; O=DigiCert Inc; CN=DigiCert EV RSA CA G2
*  SSL certificate verify ok.
* using HTTP/1.x
> GET /tss/v2/transactions/7598451147266166904506 HTTP/1.1
Host: apitest.cybersource.com
User-Agent: Swagger-Codegen/1.0.0/php
Accept:  application/hal+json;charset=utf-8
Content-Type:  application/json
v-c-merchant-id: cbq_510000669_test
Signature: keyid="7e6fe91b-5753-48c5-a9c1-d403695ffa1b", algorithm="HmacSHA256", headers="host date request-target v-c-merchant-id", signature="C7CHVuEWjkyjxlVqcCSAA+loZqrb1swcmXpFSGVaB6s="
Date: Tue, 07 Oct 2025 18:41:16 GMT
v-c-client-id: cybs-rest-sdk-php-0.0.65

< HTTP/1.1 200 
< X-OPNET-Transaction-Trace: a2_0c03822e-5602-4c7d-878f-3ce4c17637de-2773082-2156328
< ETag: "1642038225"
< Last-Modified: Thu, 01 Jan 1970 00:00:00 GMT
< X-XSS-Protection: 1
< X-Content-Type-Options: nosniff
< Content-Security-Policy: default-src 'none'; script-src 'self'; connect-src 'self'; img-src 'self'; style-src 'self';
< Strict-Transport-Security: max-age=31536000; includeSubDomains
< Pragma: no-cache
< Cache-Control: no-cache, no-store, max-age=0
< Expires: -1
< Vary: Accept-Encoding
< Content-Type: application/hal+json;charset=utf-8
< Content-Length: 3869
< Date: Tue, 07 Oct 2025 14:41:18 GMT
< Connection: keep-alive
< v-c-correlation-id: 0541d8b3-75a1-43fd-9c30-4162d4bd0d14
< 
* Connection #0 to host apitest.cybersource.com left intact
*   Trying 66.185.182.49:443...
* Connected to apitest.cybersource.com (66.185.182.49) port 443
* ALPN: curl offers h2,http/1.1
*  CAfile: D:\xampp\htdocs\ahmed-admin-qa\vendor\cybersource\rest-client-php\lib\ssl/cacert.pem
*  CApath: none
* SSL connection using TLSv1.2 / ECDHE-RSA-AES256-GCM-SHA384
* ALPN: server did not agree on a protocol. Uses default.
* Server certificate:
*  subject: jurisdictionC=US; jurisdictionST=Delaware; businessCategory=Private Organization; serialNumber=802339; C=US; ST=California; L=Foster City; O=Visa International Service Association; CN=apitest.cybersource.com
*  start date: Jul  7 00:00:00 2025 GMT
*  expire date: Jul  6 23:59:59 2026 GMT
*  subjectAltName: host "apitest.cybersource.com" matched cert's "apitest.cybersource.com"
*  issuer: C=US; O=DigiCert Inc; CN=DigiCert EV RSA CA G2
*  SSL certificate verify ok.
* using HTTP/1.x
> GET /tss/v2/transactions/7598451147266166904506 HTTP/1.1
Host: apitest.cybersource.com
User-Agent: Swagger-Codegen/1.0.0/php
Accept:  application/hal+json;charset=utf-8
Content-Type:  application/json
v-c-merchant-id: cbq_510000669_test
Signature: keyid="7e6fe91b-5753-48c5-a9c1-d403695ffa1b", algorithm="HmacSHA256", headers="host date request-target v-c-merchant-id", signature="9P2dN0CiJf7TdxiNto+Nu0zD1cD9FXDEE7fc15XiLr8="
Date: Tue, 07 Oct 2025 18:42:20 GMT
v-c-client-id: cybs-rest-sdk-php-0.0.65

< HTTP/1.1 200 
< X-OPNET-Transaction-Trace: a2_0c03822e-5602-4c7d-878f-3ce4c17637de-2773082-2156838
< ETag: "1642038225"
< Last-Modified: Thu, 01 Jan 1970 00:00:00 GMT
< X-XSS-Protection: 1
< X-Content-Type-Options: nosniff
< Content-Security-Policy: default-src 'none'; script-src 'self'; connect-src 'self'; img-src 'self'; style-src 'self';
< Strict-Transport-Security: max-age=31536000; includeSubDomains
< Pragma: no-cache
< Cache-Control: no-cache, no-store, max-age=0
< Expires: -1
< Vary: Accept-Encoding
< Content-Type: application/hal+json;charset=utf-8
< Content-Length: 3869
< Date: Tue, 07 Oct 2025 14:42:21 GMT
< Connection: keep-alive
< v-c-correlation-id: d93463c8-d88e-4df6-8167-a71fff9c4c20
< 
* Connection #0 to host apitest.cybersource.com left intact
*   Trying 66.185.182.49:443...
* Connected to apitest.cybersource.com (66.185.182.49) port 443
* ALPN: curl offers h2,http/1.1
*  CAfile: D:\xampp\htdocs\ahmed-admin-qa\vendor\cybersource\rest-client-php\lib\ssl/cacert.pem
*  CApath: none
* SSL connection using TLSv1.2 / ECDHE-RSA-AES256-GCM-SHA384
* ALPN: server did not agree on a protocol. Uses default.
* Server certificate:
*  subject: jurisdictionC=US; jurisdictionST=Delaware; businessCategory=Private Organization; serialNumber=802339; C=US; ST=California; L=Foster City; O=Visa International Service Association; CN=apitest.cybersource.com
*  start date: Jul  7 00:00:00 2025 GMT
*  expire date: Jul  6 23:59:59 2026 GMT
*  subjectAltName: host "apitest.cybersource.com" matched cert's "apitest.cybersource.com"
*  issuer: C=US; O=DigiCert Inc; CN=DigiCert EV RSA CA G2
*  SSL certificate verify ok.
* using HTTP/1.x
> GET /tss/v2/transactions/7598451147266166904506 HTTP/1.1
Host: apitest.cybersource.com
User-Agent: Swagger-Codegen/1.0.0/php
Accept:  application/hal+json;charset=utf-8
Content-Type:  application/json
v-c-merchant-id: cbq_510000669_test
Signature: keyid="7e6fe91b-5753-48c5-a9c1-d403695ffa1b", algorithm="HmacSHA256", headers="host date request-target v-c-merchant-id", signature="vrInHpzlHqQWRhfkbqUq11DqaM3oFj/ouvhSRSFhyQs="
Date: Wed, 08 Oct 2025 9:42:05 GMT
v-c-client-id: cybs-rest-sdk-php-0.0.65

< HTTP/1.1 200 
< X-OPNET-Transaction-Trace: a2_f74267a7-3c7a-4662-9d71-711f3b1c3063-2729130-2448043
< ETag: "1642038225"
< Last-Modified: Thu, 01 Jan 1970 00:00:00 GMT
< X-XSS-Protection: 1
< X-Content-Type-Options: nosniff
< Content-Security-Policy: default-src 'none'; script-src 'self'; connect-src 'self'; img-src 'self'; style-src 'self';
< Strict-Transport-Security: max-age=31536000; includeSubDomains
< Pragma: no-cache
< Expires: -1
< Cache-Control: no-cache, no-store, max-age=0
< Vary: Accept-Encoding
< Content-Type: application/hal+json;charset=utf-8
< Content-Length: 3869
< Date: Wed, 08 Oct 2025 05:42:06 GMT
< Connection: keep-alive
< v-c-correlation-id: 1beb2ea3-5d49-4d6a-a3da-ab8c3e046c60
< 
* Connection #0 to host apitest.cybersource.com left intact
*   Trying 66.185.182.49:443...
* Connected to apitest.cybersource.com (66.185.182.49) port 443
* ALPN: curl offers h2,http/1.1
*  CAfile: D:\xampp\htdocs\ahmed-admin-qa\vendor\cybersource\rest-client-php\lib\ssl/cacert.pem
*  CApath: none
* SSL connection using TLSv1.2 / ECDHE-RSA-AES256-GCM-SHA384
* ALPN: server did not agree on a protocol. Uses default.
* Server certificate:
*  subject: jurisdictionC=US; jurisdictionST=Delaware; businessCategory=Private Organization; serialNumber=802339; C=US; ST=California; L=Foster City; O=Visa International Service Association; CN=apitest.cybersource.com
*  start date: Jul  7 00:00:00 2025 GMT
*  expire date: Jul  6 23:59:59 2026 GMT
*  subjectAltName: host "apitest.cybersource.com" matched cert's "apitest.cybersource.com"
*  issuer: C=US; O=DigiCert Inc; CN=DigiCert EV RSA CA G2
*  SSL certificate verify ok.
* using HTTP/1.x
> POST /up/v1/capture-contexts HTTP/1.1
Host: apitest.cybersource.com
User-Agent: Swagger-Codegen/1.0.0/php
Accept:  application/jwt
Content-Type:  application/json
v-c-merchant-id: cbq_510000669_test
Signature: keyid="7e6fe91b-5753-48c5-a9c1-d403695ffa1b", algorithm="HmacSHA256", headers="host date request-target digest v-c-merchant-id", signature="fZh0BMHKBWEorduPRl0VtKqBUqeo9C0aVtJe6iwaclI="
Date: Wed, 08 Oct 2025 11:11:41 GMT
v-c-client-id: cybs-rest-sdk-php-0.0.65
Digest:  SHA-256=4vsyT9JuImkRWaMgshwqJBQbVf3qYE4rK4TfhZx0OoI=
Content-Length: 1047

< HTTP/1.1 201 Created
< v-c-merchant-id: cbq_510000669_test
< v-c-session-id: 804b8189-3100-4bc4-8136-997aab626906
< content-type: application/jwt
< cache-control: no-store
< pragma: no-cache
< content-length: 5861
< x-envoy-upstream-service-time: 25
< date: Wed, 08 Oct 2025 07:11:42 GMT
< server: istio-envoy
< Connection: keep-alive
< Strict-Transport-Security: max-age=31536000
< v-c-correlation-id: 01c61a2b-42c2-4320-9c8f-1f2a9ca851a2
< X-OPNET-Transaction-Trace: 5f3257e4-1d41-4a51-848f-80f132d6b33e-1180516-25949741
< 
* Connection #0 to host apitest.cybersource.com left intact
*   Trying 66.185.182.49:443...
* Connected to apitest.cybersource.com (66.185.182.49) port 443
* ALPN: curl offers h2,http/1.1
*  CAfile: D:\xampp\htdocs\ahmed-admin-qa\vendor\cybersource\rest-client-php\lib\ssl/cacert.pem
*  CApath: none
* SSL connection using TLSv1.2 / ECDHE-RSA-AES256-GCM-SHA384
* ALPN: server did not agree on a protocol. Uses default.
* Server certificate:
*  subject: jurisdictionC=US; jurisdictionST=Delaware; businessCategory=Private Organization; serialNumber=802339; C=US; ST=California; L=Foster City; O=Visa International Service Association; CN=apitest.cybersource.com
*  start date: Jul  7 00:00:00 2025 GMT
*  expire date: Jul  6 23:59:59 2026 GMT
*  subjectAltName: host "apitest.cybersource.com" matched cert's "apitest.cybersource.com"
*  issuer: C=US; O=DigiCert Inc; CN=DigiCert EV RSA CA G2
*  SSL certificate verify ok.
* using HTTP/1.x
> GET /tss/v2/transactions/7599075879406537404502 HTTP/1.1
Host: apitest.cybersource.com
User-Agent: Swagger-Codegen/1.0.0/php
Accept:  application/hal+json;charset=utf-8
Content-Type:  application/json
v-c-merchant-id: cbq_510000669_test
Signature: keyid="7e6fe91b-5753-48c5-a9c1-d403695ffa1b", algorithm="HmacSHA256", headers="host date request-target v-c-merchant-id", signature="rJDxf0scQvYj37ydz60fb9KJfqJ6Ri3Z5L3AMLNsSnQ="
Date: Wed, 08 Oct 2025 11:13:08 GMT
v-c-client-id: cybs-rest-sdk-php-0.0.65

< HTTP/1.1 404 
< X-OPNET-Transaction-Trace: a2_0c03822e-5602-4c7d-878f-3ce4c17637de-2773082-2491256
< ETag: "-1775898400"
< Last-Modified: Thu, 01 Jan 1970 00:00:00 GMT
< X-XSS-Protection: 1
< X-Content-Type-Options: nosniff
< Content-Security-Policy: default-src 'none'; script-src 'self'; connect-src 'self'; img-src 'self'; style-src 'self';
< Strict-Transport-Security: max-age=31536000; includeSubDomains
< Pragma: no-cache
< Cache-Control: no-cache, no-store, max-age=0
< Expires: -1
< Vary: Accept-Encoding
< Content-Type: application/hal+json;charset=utf-8
< Content-Length: 223
< Date: Wed, 08 Oct 2025 07:13:10 GMT
< Connection: keep-alive
< v-c-correlation-id: 14df8f73-43b5-44b6-b9c8-bd3e056b5d19
< 
* Connection #0 to host apitest.cybersource.com left intact
*   Trying 66.185.182.49:443...
* Connected to apitest.cybersource.com (66.185.182.49) port 443
* ALPN: curl offers h2,http/1.1
*  CAfile: D:\xampp\htdocs\ahmed-admin-qa\vendor\cybersource\rest-client-php\lib\ssl/cacert.pem
*  CApath: none
* SSL connection using TLSv1.2 / ECDHE-RSA-AES256-GCM-SHA384
* ALPN: server did not agree on a protocol. Uses default.
* Server certificate:
*  subject: jurisdictionC=US; jurisdictionST=Delaware; businessCategory=Private Organization; serialNumber=802339; C=US; ST=California; L=Foster City; O=Visa International Service Association; CN=apitest.cybersource.com
*  start date: Jul  7 00:00:00 2025 GMT
*  expire date: Jul  6 23:59:59 2026 GMT
*  subjectAltName: host "apitest.cybersource.com" matched cert's "apitest.cybersource.com"
*  issuer: C=US; O=DigiCert Inc; CN=DigiCert EV RSA CA G2
*  SSL certificate verify ok.
* using HTTP/1.x
> GET /tss/v2/transactions/7599075879406537404502 HTTP/1.1
Host: apitest.cybersource.com
User-Agent: Swagger-Codegen/1.0.0/php
Accept:  application/hal+json;charset=utf-8
Content-Type:  application/json
v-c-merchant-id: cbq_510000669_test
Signature: keyid="7e6fe91b-5753-48c5-a9c1-d403695ffa1b", algorithm="HmacSHA256", headers="host date request-target v-c-merchant-id", signature="PCixodoVcwxDorFaA6VX+zvmkGALuENDWEt2XVDDrFo="
Date: Wed, 08 Oct 2025 11:14:11 GMT
v-c-client-id: cybs-rest-sdk-php-0.0.65

< HTTP/1.1 200 
< X-OPNET-Transaction-Trace: a2_f74267a7-3c7a-4662-9d71-711f3b1c3063-2729130-2477895
< ETag: "580779659"
< Last-Modified: Thu, 01 Jan 1970 00:00:00 GMT
< X-XSS-Protection: 1
< X-Content-Type-Options: nosniff
< Content-Security-Policy: default-src 'none'; script-src 'self'; connect-src 'self'; img-src 'self'; style-src 'self';
< Strict-Transport-Security: max-age=31536000; includeSubDomains
< Pragma: no-cache
< Expires: -1
< Cache-Control: no-cache, no-store, max-age=0
< Vary: Accept-Encoding
< Content-Type: application/hal+json;charset=utf-8
< Content-Length: 3877
< Date: Wed, 08 Oct 2025 07:14:12 GMT
< Connection: keep-alive
< v-c-correlation-id: d45ce7ee-36b5-4b27-be40-c02d362180c9
< 
* Connection #0 to host apitest.cybersource.com left intact
*   Trying 66.185.182.49:443...
* Connected to apitest.cybersource.com (66.185.182.49) port 443
* ALPN: curl offers h2,http/1.1
*  CAfile: D:\xampp\htdocs\ahmed-admin-qa\vendor\cybersource\rest-client-php\lib\ssl/cacert.pem
*  CApath: none
* SSL connection using TLSv1.2 / ECDHE-RSA-AES256-GCM-SHA384
* ALPN: server did not agree on a protocol. Uses default.
* Server certificate:
*  subject: jurisdictionC=US; jurisdictionST=Delaware; businessCategory=Private Organization; serialNumber=802339; C=US; ST=California; L=Foster City; O=Visa International Service Association; CN=apitest.cybersource.com
*  start date: Jul  7 00:00:00 2025 GMT
*  expire date: Jul  6 23:59:59 2026 GMT
*  subjectAltName: host "apitest.cybersource.com" matched cert's "apitest.cybersource.com"
*  issuer: C=US; O=DigiCert Inc; CN=DigiCert EV RSA CA G2
*  SSL certificate verify ok.
* using HTTP/1.x
> GET /tss/v2/transactions/7599075879406537404502 HTTP/1.1
Host: apitest.cybersource.com
User-Agent: Swagger-Codegen/1.0.0/php
Accept:  application/hal+json;charset=utf-8
Content-Type:  application/json
v-c-merchant-id: cbq_510000669_test
Signature: keyid="7e6fe91b-5753-48c5-a9c1-d403695ffa1b", algorithm="HmacSHA256", headers="host date request-target v-c-merchant-id", signature="1UrH5NqUIveH4uZHWmBFwo7pJe1eBIL/tYuSUAPYlg8="
Date: Wed, 08 Oct 2025 11:22:31 GMT
v-c-client-id: cybs-rest-sdk-php-0.0.65

< HTTP/1.1 200 
< X-OPNET-Transaction-Trace: a2_f74267a7-3c7a-4662-9d71-711f3b1c3063-2729130-2480055
< ETag: "580779659"
< Last-Modified: Thu, 01 Jan 1970 00:00:00 GMT
< X-XSS-Protection: 1
< X-Content-Type-Options: nosniff
< Content-Security-Policy: default-src 'none'; script-src 'self'; connect-src 'self'; img-src 'self'; style-src 'self';
< Strict-Transport-Security: max-age=31536000; includeSubDomains
< Pragma: no-cache
< Expires: -1
< Cache-Control: no-cache, no-store, max-age=0
< Vary: Accept-Encoding
< Content-Type: application/hal+json;charset=utf-8
< Content-Length: 3877
< Date: Wed, 08 Oct 2025 07:22:32 GMT
< Connection: keep-alive
< v-c-correlation-id: c5e81624-9bda-4107-8c18-3d8d15bd557a
< 
* Connection #0 to host apitest.cybersource.com left intact
*   Trying 66.185.182.49:443...
* Connected to apitest.cybersource.com (66.185.182.49) port 443
* ALPN: curl offers h2,http/1.1
*  CAfile: D:\xampp\htdocs\ahmed-admin-qa\vendor\cybersource\rest-client-php\lib\ssl/cacert.pem
*  CApath: none
* SSL connection using TLSv1.2 / ECDHE-RSA-AES256-GCM-SHA384
* ALPN: server did not agree on a protocol. Uses default.
* Server certificate:
*  subject: jurisdictionC=US; jurisdictionST=Delaware; businessCategory=Private Organization; serialNumber=802339; C=US; ST=California; L=Foster City; O=Visa International Service Association; CN=apitest.cybersource.com
*  start date: Jul  7 00:00:00 2025 GMT
*  expire date: Jul  6 23:59:59 2026 GMT
*  subjectAltName: host "apitest.cybersource.com" matched cert's "apitest.cybersource.com"
*  issuer: C=US; O=DigiCert Inc; CN=DigiCert EV RSA CA G2
*  SSL certificate verify ok.
* using HTTP/1.x
> GET /tss/v2/transactions/7599075879406537404502 HTTP/1.1
Host: apitest.cybersource.com
User-Agent: Swagger-Codegen/1.0.0/php
Accept:  application/hal+json;charset=utf-8
Content-Type:  application/json
v-c-merchant-id: cbq_510000669_test
Signature: keyid="7e6fe91b-5753-48c5-a9c1-d403695ffa1b", algorithm="HmacSHA256", headers="host date request-target v-c-merchant-id", signature="hbaIx405mdp1jQNUOCe2mbPFUWSsZSWYKx06CVt1A2U="
Date: Wed, 08 Oct 2025 11:23:02 GMT
v-c-client-id: cybs-rest-sdk-php-0.0.65

< HTTP/1.1 200 
< X-OPNET-Transaction-Trace: a2_0c03822e-5602-4c7d-878f-3ce4c17637de-2773082-2493799
< ETag: "580779659"
< Last-Modified: Thu, 01 Jan 1970 00:00:00 GMT
< X-XSS-Protection: 1
< X-Content-Type-Options: nosniff
< Content-Security-Policy: default-src 'none'; script-src 'self'; connect-src 'self'; img-src 'self'; style-src 'self';
< Strict-Transport-Security: max-age=31536000; includeSubDomains
< Pragma: no-cache
< Cache-Control: no-cache, no-store, max-age=0
< Expires: -1
< Vary: Accept-Encoding
< Content-Type: application/hal+json;charset=utf-8
< Content-Length: 3877
< Date: Wed, 08 Oct 2025 07:23:03 GMT
< Connection: keep-alive
< v-c-correlation-id: 09392b79-a316-444a-90f6-3f031c75ab3e
< 
* Connection #0 to host apitest.cybersource.com left intact
*   Trying 66.185.182.49:443...
* Connected to apitest.cybersource.com (66.185.182.49) port 443
* ALPN: curl offers h2,http/1.1
*  CAfile: D:\xampp\htdocs\ahmed-admin-qa\vendor\cybersource\rest-client-php\lib\ssl/cacert.pem
*  CApath: none
* SSL connection using TLSv1.2 / ECDHE-RSA-AES256-GCM-SHA384
* ALPN: server did not agree on a protocol. Uses default.
* Server certificate:
*  subject: jurisdictionC=US; jurisdictionST=Delaware; businessCategory=Private Organization; serialNumber=802339; C=US; ST=California; L=Foster City; O=Visa International Service Association; CN=apitest.cybersource.com
*  start date: Jul  7 00:00:00 2025 GMT
*  expire date: Jul  6 23:59:59 2026 GMT
*  subjectAltName: host "apitest.cybersource.com" matched cert's "apitest.cybersource.com"
*  issuer: C=US; O=DigiCert Inc; CN=DigiCert EV RSA CA G2
*  SSL certificate verify ok.
* using HTTP/1.x
> GET /tss/v2/transactions/7599075879406537404502 HTTP/1.1
Host: apitest.cybersource.com
User-Agent: Swagger-Codegen/1.0.0/php
Accept:  application/hal+json;charset=utf-8
Content-Type:  application/json
v-c-merchant-id: cbq_510000669_test
Signature: keyid="7e6fe91b-5753-48c5-a9c1-d403695ffa1b", algorithm="HmacSHA256", headers="host date request-target v-c-merchant-id", signature="Cd7HccGrZgaOzugu5V03LgeGjkORHpnf923WfO5Mxnc="
Date: Wed, 08 Oct 2025 11:26:11 GMT
v-c-client-id: cybs-rest-sdk-php-0.0.65

< HTTP/1.1 200 
< X-OPNET-Transaction-Trace: a2_f74267a7-3c7a-4662-9d71-711f3b1c3063-2729130-2480971
< ETag: "580779659"
< Last-Modified: Thu, 01 Jan 1970 00:00:00 GMT
< X-XSS-Protection: 1
< X-Content-Type-Options: nosniff
< Content-Security-Policy: default-src 'none'; script-src 'self'; connect-src 'self'; img-src 'self'; style-src 'self';
< Strict-Transport-Security: max-age=31536000; includeSubDomains
< Pragma: no-cache
< Expires: -1
< Cache-Control: no-cache, no-store, max-age=0
< Vary: Accept-Encoding
< Content-Type: application/hal+json;charset=utf-8
< Content-Length: 3877
< Date: Wed, 08 Oct 2025 07:26:12 GMT
< Connection: keep-alive
< v-c-correlation-id: 241ee8de-622c-4978-85d6-562f64348dc0
< 
* Connection #0 to host apitest.cybersource.com left intact
*   Trying 66.185.182.49:443...
* Connected to apitest.cybersource.com (66.185.182.49) port 443
* ALPN: curl offers h2,http/1.1
*  CAfile: D:\xampp\htdocs\ahmed-admin-qa\vendor\cybersource\rest-client-php\lib\ssl/cacert.pem
*  CApath: none
* SSL connection using TLSv1.2 / ECDHE-RSA-AES256-GCM-SHA384
* ALPN: server did not agree on a protocol. Uses default.
* Server certificate:
*  subject: jurisdictionC=US; jurisdictionST=Delaware; businessCategory=Private Organization; serialNumber=802339; C=US; ST=California; L=Foster City; O=Visa International Service Association; CN=apitest.cybersource.com
*  start date: Jul  7 00:00:00 2025 GMT
*  expire date: Jul  6 23:59:59 2026 GMT
*  subjectAltName: host "apitest.cybersource.com" matched cert's "apitest.cybersource.com"
*  issuer: C=US; O=DigiCert Inc; CN=DigiCert EV RSA CA G2
*  SSL certificate verify ok.
* using HTTP/1.x
> POST /up/v1/capture-contexts HTTP/1.1
Host: apitest.cybersource.com
User-Agent: Swagger-Codegen/1.0.0/php
Accept:  application/jwt
Content-Type:  application/json
v-c-merchant-id: cbq_510000669_test
Signature: keyid="7e6fe91b-5753-48c5-a9c1-d403695ffa1b", algorithm="HmacSHA256", headers="host date request-target digest v-c-merchant-id", signature="VM9OuLMPlj8AwfAOHe8AIYmn8LyZ8DNEBXVSReIb6Z0="
Date: Wed, 08 Oct 2025 11:30:03 GMT
v-c-client-id: cybs-rest-sdk-php-0.0.65
Digest:  SHA-256=yhY2rXtBRtFGFAzxfJVGImeI+0nxvDQJR+FK1iyA80I=
Content-Length: 1067

< HTTP/1.1 201 Created
< v-c-merchant-id: cbq_510000669_test
< v-c-session-id: a6d864d9-bcda-4268-be0c-59e77392bc48
< content-type: application/jwt
< cache-control: no-store
< pragma: no-cache
< content-length: 5887
< x-envoy-upstream-service-time: 41
< date: Wed, 08 Oct 2025 07:30:04 GMT
< server: istio-envoy
< Connection: keep-alive
< Strict-Transport-Security: max-age=31536000
< v-c-correlation-id: 3db19f7b-46bd-4173-a535-3b27a727e8d9
< X-OPNET-Transaction-Trace: 5f3257e4-1d41-4a51-848f-80f132d6b33e-1180516-25976338
< 
* Connection #0 to host apitest.cybersource.com left intact
*   Trying 66.185.182.49:443...
* Connected to apitest.cybersource.com (66.185.182.49) port 443
* ALPN: curl offers h2,http/1.1
*  CAfile: D:\xampp\htdocs\ahmed-admin-qa\vendor\cybersource\rest-client-php\lib\ssl/cacert.pem
*  CApath: none
* SSL connection using TLSv1.2 / ECDHE-RSA-AES256-GCM-SHA384
* ALPN: server did not agree on a protocol. Uses default.
* Server certificate:
*  subject: jurisdictionC=US; jurisdictionST=Delaware; businessCategory=Private Organization; serialNumber=802339; C=US; ST=California; L=Foster City; O=Visa International Service Association; CN=apitest.cybersource.com
*  start date: Jul  7 00:00:00 2025 GMT
*  expire date: Jul  6 23:59:59 2026 GMT
*  subjectAltName: host "apitest.cybersource.com" matched cert's "apitest.cybersource.com"
*  issuer: C=US; O=DigiCert Inc; CN=DigiCert EV RSA CA G2
*  SSL certificate verify ok.
* using HTTP/1.x
> GET /tss/v2/transactions/7599075879406537404502 HTTP/1.1
Host: apitest.cybersource.com
User-Agent: Swagger-Codegen/1.0.0/php
Accept:  application/hal+json;charset=utf-8
Content-Type:  application/json
v-c-merchant-id: cbq_510000669_test
Signature: keyid="7e6fe91b-5753-48c5-a9c1-d403695ffa1b", algorithm="HmacSHA256", headers="host date request-target v-c-merchant-id", signature="elzh+rQpSxS01V61di/eOg3vU6LsBlSM8lMxu21vejM="
Date: Wed, 08 Oct 2025 11:31:22 GMT
v-c-client-id: cybs-rest-sdk-php-0.0.65

< HTTP/1.1 200 
< X-OPNET-Transaction-Trace: a2_f74267a7-3c7a-4662-9d71-711f3b1c3063-2729130-2482258
< ETag: "580779659"
< Last-Modified: Thu, 01 Jan 1970 00:00:00 GMT
< X-XSS-Protection: 1
< X-Content-Type-Options: nosniff
< Content-Security-Policy: default-src 'none'; script-src 'self'; connect-src 'self'; img-src 'self'; style-src 'self';
< Strict-Transport-Security: max-age=31536000; includeSubDomains
< Pragma: no-cache
< Expires: -1
< Cache-Control: no-cache, no-store, max-age=0
< Vary: Accept-Encoding
< Content-Type: application/hal+json;charset=utf-8
< Content-Length: 3877
< Date: Wed, 08 Oct 2025 07:31:24 GMT
< Connection: keep-alive
< v-c-correlation-id: 3824e597-94a9-4ec9-a7d6-c79a46375472
< 
* Connection #0 to host apitest.cybersource.com left intact
*   Trying 66.185.182.49:443...
* Connected to apitest.cybersource.com (66.185.182.49) port 443
* ALPN: curl offers h2,http/1.1
*  CAfile: D:\xampp\htdocs\ahmed-admin-qa\vendor\cybersource\rest-client-php\lib\ssl/cacert.pem
*  CApath: none
* SSL connection using TLSv1.2 / ECDHE-RSA-AES256-GCM-SHA384
* ALPN: server did not agree on a protocol. Uses default.
* Server certificate:
*  subject: jurisdictionC=US; jurisdictionST=Delaware; businessCategory=Private Organization; serialNumber=802339; C=US; ST=California; L=Foster City; O=Visa International Service Association; CN=apitest.cybersource.com
*  start date: Jul  7 00:00:00 2025 GMT
*  expire date: Jul  6 23:59:59 2026 GMT
*  subjectAltName: host "apitest.cybersource.com" matched cert's "apitest.cybersource.com"
*  issuer: C=US; O=DigiCert Inc; CN=DigiCert EV RSA CA G2
*  SSL certificate verify ok.
* using HTTP/1.x
> GET /tss/v2/transactions/7599075879406537404502 HTTP/1.1
Host: apitest.cybersource.com
User-Agent: Swagger-Codegen/1.0.0/php
Accept:  application/hal+json;charset=utf-8
Content-Type:  application/json
v-c-merchant-id: cbq_510000669_test
Signature: keyid="7e6fe91b-5753-48c5-a9c1-d403695ffa1b", algorithm="HmacSHA256", headers="host date request-target v-c-merchant-id", signature="/4nhWmbxOBkNUgzM/x4HuOsWpmzNjEhUw11apk8w7zI="
Date: Wed, 08 Oct 2025 11:32:02 GMT
v-c-client-id: cybs-rest-sdk-php-0.0.65

< HTTP/1.1 200 
< X-OPNET-Transaction-Trace: a2_f74267a7-3c7a-4662-9d71-711f3b1c3063-2729130-2482389
< ETag: "580779659"
< Last-Modified: Thu, 01 Jan 1970 00:00:00 GMT
< X-XSS-Protection: 1
< X-Content-Type-Options: nosniff
< Content-Security-Policy: default-src 'none'; script-src 'self'; connect-src 'self'; img-src 'self'; style-src 'self';
< Strict-Transport-Security: max-age=31536000; includeSubDomains
< Pragma: no-cache
< Expires: -1
< Cache-Control: no-cache, no-store, max-age=0
< Vary: Accept-Encoding
< Content-Type: application/hal+json;charset=utf-8
< Content-Length: 3877
< Date: Wed, 08 Oct 2025 07:32:03 GMT
< Connection: keep-alive
< v-c-correlation-id: 785c7835-b322-4528-b297-4e45bcbce5b8
< 
* Connection #0 to host apitest.cybersource.com left intact
*   Trying 66.185.182.49:443...
* Connected to apitest.cybersource.com (66.185.182.49) port 443
* ALPN: curl offers h2,http/1.1
*  CAfile: D:\xampp\htdocs\ahmed-admin-qa\vendor\cybersource\rest-client-php\lib\ssl/cacert.pem
*  CApath: none
* SSL connection using TLSv1.2 / ECDHE-RSA-AES256-GCM-SHA384
* ALPN: server did not agree on a protocol. Uses default.
* Server certificate:
*  subject: jurisdictionC=US; jurisdictionST=Delaware; businessCategory=Private Organization; serialNumber=802339; C=US; ST=California; L=Foster City; O=Visa International Service Association; CN=apitest.cybersource.com
*  start date: Jul  7 00:00:00 2025 GMT
*  expire date: Jul  6 23:59:59 2026 GMT
*  subjectAltName: host "apitest.cybersource.com" matched cert's "apitest.cybersource.com"
*  issuer: C=US; O=DigiCert Inc; CN=DigiCert EV RSA CA G2
*  SSL certificate verify ok.
* using HTTP/1.x
> POST /up/v1/capture-contexts HTTP/1.1
Host: apitest.cybersource.com
User-Agent: Swagger-Codegen/1.0.0/php
Accept:  application/jwt
Content-Type:  application/json
v-c-merchant-id: cbq_510000669_test
Signature: keyid="7e6fe91b-5753-48c5-a9c1-d403695ffa1b", algorithm="HmacSHA256", headers="host date request-target digest v-c-merchant-id", signature="SRCTkFARVkvCsUWGEXC//xyzhmnrIGgESjp0vmg8mJU="
Date: Wed, 08 Oct 2025 12:01:14 GMT
v-c-client-id: cybs-rest-sdk-php-0.0.65
Digest:  SHA-256=4vsyT9JuImkRWaMgshwqJBQbVf3qYE4rK4TfhZx0OoI=
Content-Length: 1047

< HTTP/1.1 201 Created
< v-c-merchant-id: cbq_510000669_test
< v-c-session-id: 731e2031-8457-4cb5-8df5-b5d95dd45f64
< content-type: application/jwt
< cache-control: no-store
< pragma: no-cache
< content-length: 5861
< x-envoy-upstream-service-time: 21
< date: Wed, 08 Oct 2025 08:01:15 GMT
< server: istio-envoy
< Connection: keep-alive
< Strict-Transport-Security: max-age=31536000
< v-c-correlation-id: 5b7c7ff2-f958-48e3-a86a-feed2e42ae5b
< X-OPNET-Transaction-Trace: 5f3257e4-1d41-4a51-848f-80f132d6b33e-1180516-26008598
< 
* Connection #0 to host apitest.cybersource.com left intact
*   Trying 66.185.182.49:443...
* Connected to apitest.cybersource.com (66.185.182.49) port 443
* ALPN: curl offers h2,http/1.1
*  CAfile: D:\xampp\htdocs\ahmed-admin-qa\vendor\cybersource\rest-client-php\lib\ssl/cacert.pem
*  CApath: none
* SSL connection using TLSv1.2 / ECDHE-RSA-AES256-GCM-SHA384
* ALPN: server did not agree on a protocol. Uses default.
* Server certificate:
*  subject: jurisdictionC=US; jurisdictionST=Delaware; businessCategory=Private Organization; serialNumber=802339; C=US; ST=California; L=Foster City; O=Visa International Service Association; CN=apitest.cybersource.com
*  start date: Jul  7 00:00:00 2025 GMT
*  expire date: Jul  6 23:59:59 2026 GMT
*  subjectAltName: host "apitest.cybersource.com" matched cert's "apitest.cybersource.com"
*  issuer: C=US; O=DigiCert Inc; CN=DigiCert EV RSA CA G2
*  SSL certificate verify ok.
* using HTTP/1.x
> GET /tss/v2/transactions/7599075879406537404502 HTTP/1.1
Host: apitest.cybersource.com
User-Agent: Swagger-Codegen/1.0.0/php
Accept:  application/hal+json;charset=utf-8
Content-Type:  application/json
v-c-merchant-id: cbq_510000669_test
Signature: keyid="7e6fe91b-5753-48c5-a9c1-d403695ffa1b", algorithm="HmacSHA256", headers="host date request-target v-c-merchant-id", signature="mX7D8EwUAf+j4j6eCwxedCydEvtl7uC6HVgwwup/fIs="
Date: Wed, 08 Oct 2025 12:02:14 GMT
v-c-client-id: cybs-rest-sdk-php-0.0.65

< HTTP/1.1 200 
< X-OPNET-Transaction-Trace: a2_f74267a7-3c7a-4662-9d71-711f3b1c3063-2729130-2491682
< ETag: "580779659"
< Last-Modified: Thu, 01 Jan 1970 00:00:00 GMT
< X-XSS-Protection: 1
< X-Content-Type-Options: nosniff
< Content-Security-Policy: default-src 'none'; script-src 'self'; connect-src 'self'; img-src 'self'; style-src 'self';
< Strict-Transport-Security: max-age=31536000; includeSubDomains
< Pragma: no-cache
< Expires: -1
< Cache-Control: no-cache, no-store, max-age=0
< Vary: Accept-Encoding
< Content-Type: application/hal+json;charset=utf-8
< Content-Length: 3877
< Date: Wed, 08 Oct 2025 08:02:15 GMT
< Connection: keep-alive
< v-c-correlation-id: 47466b0c-4246-4bbd-a6ac-664c751080ba
< 
* Connection #0 to host apitest.cybersource.com left intact
*   Trying 66.185.182.49:443...
* Connected to apitest.cybersource.com (66.185.182.49) port 443
* ALPN: curl offers h2,http/1.1
*  CAfile: D:\xampp\htdocs\ahmed-admin-qa\vendor\cybersource\rest-client-php\lib\ssl/cacert.pem
*  CApath: none
* SSL connection using TLSv1.2 / ECDHE-RSA-AES256-GCM-SHA384
* ALPN: server did not agree on a protocol. Uses default.
* Server certificate:
*  subject: jurisdictionC=US; jurisdictionST=Delaware; businessCategory=Private Organization; serialNumber=802339; C=US; ST=California; L=Foster City; O=Visa International Service Association; CN=apitest.cybersource.com
*  start date: Jul  7 00:00:00 2025 GMT
*  expire date: Jul  6 23:59:59 2026 GMT
*  subjectAltName: host "apitest.cybersource.com" matched cert's "apitest.cybersource.com"
*  issuer: C=US; O=DigiCert Inc; CN=DigiCert EV RSA CA G2
*  SSL certificate verify ok.
* using HTTP/1.x
> POST /up/v1/capture-contexts HTTP/1.1
Host: apitest.cybersource.com
User-Agent: Swagger-Codegen/1.0.0/php
Accept:  application/jwt
Content-Type:  application/json
v-c-merchant-id: cbq_510000669_test
Signature: keyid="7e6fe91b-5753-48c5-a9c1-d403695ffa1b", algorithm="HmacSHA256", headers="host date request-target digest v-c-merchant-id", signature="Szw50CAe8lka8Dtb6hdhT9tgzDcgbkKivY/EPmgxVj8="
Date: Wed, 08 Oct 2025 12:10:28 GMT
v-c-client-id: cybs-rest-sdk-php-0.0.65
Digest:  SHA-256=oyCNjzmAf8atLTsDuKqsaIxDsenncxiysT0KtnLQETI=
Content-Length: 1067

< HTTP/1.1 201 Created
< v-c-merchant-id: cbq_510000669_test
< v-c-session-id: 55b15113-63f2-4383-94c2-deb9498d3117
< content-type: application/jwt
< cache-control: no-store
< pragma: no-cache
< content-length: 5887
< x-envoy-upstream-service-time: 20
< date: Wed, 08 Oct 2025 08:10:29 GMT
< server: istio-envoy
< Connection: keep-alive
< Strict-Transport-Security: max-age=31536000
< v-c-correlation-id: 854784cd-68a1-41b1-bd88-e435ff8df1bd
< X-OPNET-Transaction-Trace: 934de25f-e7ea-4bd1-be1c-02ab3dbc7a6b-1228642-26080880
< 
* Connection #0 to host apitest.cybersource.com left intact
*   Trying 66.185.182.49:443...
* Connected to apitest.cybersource.com (66.185.182.49) port 443
* ALPN: curl offers h2,http/1.1
*  CAfile: D:\xampp\htdocs\ahmed-admin-qa\vendor\cybersource\rest-client-php\lib\ssl/cacert.pem
*  CApath: none
* SSL connection using TLSv1.2 / ECDHE-RSA-AES256-GCM-SHA384
* ALPN: server did not agree on a protocol. Uses default.
* Server certificate:
*  subject: jurisdictionC=US; jurisdictionST=Delaware; businessCategory=Private Organization; serialNumber=802339; C=US; ST=California; L=Foster City; O=Visa International Service Association; CN=apitest.cybersource.com
*  start date: Jul  7 00:00:00 2025 GMT
*  expire date: Jul  6 23:59:59 2026 GMT
*  subjectAltName: host "apitest.cybersource.com" matched cert's "apitest.cybersource.com"
*  issuer: C=US; O=DigiCert Inc; CN=DigiCert EV RSA CA G2
*  SSL certificate verify ok.
* using HTTP/1.x
> POST /up/v1/capture-contexts HTTP/1.1
Host: apitest.cybersource.com
User-Agent: Swagger-Codegen/1.0.0/php
Accept:  application/jwt
Content-Type:  application/json
v-c-merchant-id: cbq_510000669_test
Signature: keyid="7e6fe91b-5753-48c5-a9c1-d403695ffa1b", algorithm="HmacSHA256", headers="host date request-target digest v-c-merchant-id", signature="xVQbRNHXxKAs6qCtktFXgh8X/2arV/YuPdd7aAwQO1o="
Date: Wed, 08 Oct 2025 12:29:59 GMT
v-c-client-id: cybs-rest-sdk-php-0.0.65
Digest:  SHA-256=SyAIoEevwAGnlK/0MUf5xncF0wiRIbgO6ExJC8blbPw=
Content-Length: 1047

< HTTP/1.1 201 Created
< v-c-merchant-id: cbq_510000669_test
< v-c-session-id: 1545cc8e-a0fe-4da9-a2c4-a6c252054430
< content-type: application/jwt
< cache-control: no-store
< pragma: no-cache
< content-length: 5861
< x-envoy-upstream-service-time: 16
< date: Wed, 08 Oct 2025 08:30:00 GMT
< server: istio-envoy
< Connection: keep-alive
< Strict-Transport-Security: max-age=31536000
< v-c-correlation-id: de659e29-197f-4220-b428-722bcb137d3c
< X-OPNET-Transaction-Trace: 255df1e0-83d6-4275-89d7-91f2b2cc0c4e-1210023-26053395
< 
* Connection #0 to host apitest.cybersource.com left intact
*   Trying 66.185.182.49:443...
* Connected to apitest.cybersource.com (66.185.182.49) port 443
* ALPN: curl offers h2,http/1.1
*  CAfile: D:\xampp\htdocs\ahmed-admin-qa\vendor\cybersource\rest-client-php\lib\ssl/cacert.pem
*  CApath: none
* SSL connection using TLSv1.2 / ECDHE-RSA-AES256-GCM-SHA384
* ALPN: server did not agree on a protocol. Uses default.
* Server certificate:
*  subject: jurisdictionC=US; jurisdictionST=Delaware; businessCategory=Private Organization; serialNumber=802339; C=US; ST=California; L=Foster City; O=Visa International Service Association; CN=apitest.cybersource.com
*  start date: Jul  7 00:00:00 2025 GMT
*  expire date: Jul  6 23:59:59 2026 GMT
*  subjectAltName: host "apitest.cybersource.com" matched cert's "apitest.cybersource.com"
*  issuer: C=US; O=DigiCert Inc; CN=DigiCert EV RSA CA G2
*  SSL certificate verify ok.
* using HTTP/1.x
> POST /up/v1/capture-contexts HTTP/1.1
Host: apitest.cybersource.com
User-Agent: Swagger-Codegen/1.0.0/php
Accept:  application/jwt
Content-Type:  application/json
v-c-merchant-id: cbq_510000669_test
Signature: keyid="7e6fe91b-5753-48c5-a9c1-d403695ffa1b", algorithm="HmacSHA256", headers="host date request-target digest v-c-merchant-id", signature="V+deecLjH2PMh6m+Vpv9iM38UA0DPZN/UxS8ziRTV7c="
Date: Wed, 08 Oct 2025 12:38:54 GMT
v-c-client-id: cybs-rest-sdk-php-0.0.65
Digest:  SHA-256=SyAIoEevwAGnlK/0MUf5xncF0wiRIbgO6ExJC8blbPw=
Content-Length: 1047

< HTTP/1.1 201 Created
< v-c-merchant-id: cbq_510000669_test
< v-c-session-id: e0f10ff0-a9ed-4563-8d63-60947fa8a667
< content-type: application/jwt
< cache-control: no-store
< pragma: no-cache
< content-length: 5861
< x-envoy-upstream-service-time: 16
< date: Wed, 08 Oct 2025 08:38:55 GMT
< server: istio-envoy
< Connection: keep-alive
< Strict-Transport-Security: max-age=31536000
< v-c-correlation-id: d60aef40-1960-4e6a-b1ed-7d31a9ac6fea
< X-OPNET-Transaction-Trace: 934de25f-e7ea-4bd1-be1c-02ab3dbc7a6b-1228642-26112041
< 
* Connection #0 to host apitest.cybersource.com left intact
*   Trying 66.185.182.49:443...
* Connected to apitest.cybersource.com (66.185.182.49) port 443
* ALPN: curl offers h2,http/1.1
*  CAfile: D:\xampp\htdocs\ahmed-admin-qa\vendor\cybersource\rest-client-php\lib\ssl/cacert.pem
*  CApath: none
* SSL connection using TLSv1.2 / ECDHE-RSA-AES256-GCM-SHA384
* ALPN: server did not agree on a protocol. Uses default.
* Server certificate:
*  subject: jurisdictionC=US; jurisdictionST=Delaware; businessCategory=Private Organization; serialNumber=802339; C=US; ST=California; L=Foster City; O=Visa International Service Association; CN=apitest.cybersource.com
*  start date: Jul  7 00:00:00 2025 GMT
*  expire date: Jul  6 23:59:59 2026 GMT
*  subjectAltName: host "apitest.cybersource.com" matched cert's "apitest.cybersource.com"
*  issuer: C=US; O=DigiCert Inc; CN=DigiCert EV RSA CA G2
*  SSL certificate verify ok.
* using HTTP/1.x
> POST /up/v1/capture-contexts HTTP/1.1
Host: apitest.cybersource.com
User-Agent: Swagger-Codegen/1.0.0/php
Accept:  application/jwt
Content-Type:  application/json
v-c-merchant-id: cbq_510000669_test
Signature: keyid="7e6fe91b-5753-48c5-a9c1-d403695ffa1b", algorithm="HmacSHA256", headers="host date request-target digest v-c-merchant-id", signature="g2z9pc5lZZhXIVo5hjzGPk0bGoliTwwtyuy2ZPBU2H8="
Date: Wed, 08 Oct 2025 12:47:43 GMT
v-c-client-id: cybs-rest-sdk-php-0.0.65
Digest:  SHA-256=V7IqW8hJFm77eQZFJVUHj4gqPdOBQ7jiXmh9O06T9Ao=
Content-Length: 1015

< HTTP/1.1 201 Created
< v-c-merchant-id: cbq_510000669_test
< v-c-session-id: 93377776-976d-4208-abe5-9154fca7dd6a
< content-type: application/jwt
< cache-control: no-store
< pragma: no-cache
< content-length: 5818
< x-envoy-upstream-service-time: 39
< date: Wed, 08 Oct 2025 08:47:44 GMT
< server: istio-envoy
< Connection: keep-alive
< Strict-Transport-Security: max-age=31536000
< v-c-correlation-id: c865ede3-7cdd-451c-a3ac-0b255dc83a7b
< X-OPNET-Transaction-Trace: 934de25f-e7ea-4bd1-be1c-02ab3dbc7a6b-1228642-26123392
< 
* Connection #0 to host apitest.cybersource.com left intact
*   Trying 66.185.182.49:443...
* Connected to apitest.cybersource.com (66.185.182.49) port 443
* ALPN: curl offers h2,http/1.1
*  CAfile: D:\xampp\htdocs\ahmed-admin-qa\vendor\cybersource\rest-client-php\lib\ssl/cacert.pem
*  CApath: none
* SSL connection using TLSv1.2 / ECDHE-RSA-AES256-GCM-SHA384
* ALPN: server did not agree on a protocol. Uses default.
* Server certificate:
*  subject: jurisdictionC=US; jurisdictionST=Delaware; businessCategory=Private Organization; serialNumber=802339; C=US; ST=California; L=Foster City; O=Visa International Service Association; CN=apitest.cybersource.com
*  start date: Jul  7 00:00:00 2025 GMT
*  expire date: Jul  6 23:59:59 2026 GMT
*  subjectAltName: host "apitest.cybersource.com" matched cert's "apitest.cybersource.com"
*  issuer: C=US; O=DigiCert Inc; CN=DigiCert EV RSA CA G2
*  SSL certificate verify ok.
* using HTTP/1.x
> POST /up/v1/capture-contexts HTTP/1.1
Host: apitest.cybersource.com
User-Agent: Swagger-Codegen/1.0.0/php
Accept:  application/jwt
Content-Type:  application/json
v-c-merchant-id: cbq_510000669_test
Signature: keyid="7e6fe91b-5753-48c5-a9c1-d403695ffa1b", algorithm="HmacSHA256", headers="host date request-target digest v-c-merchant-id", signature="HKXvDdsc6Fl8Bi8WFazPKdRpUZVFhy9JwXvXCFK7X1o="
Date: Wed, 08 Oct 2025 14:22:42 GMT
v-c-client-id: cybs-rest-sdk-php-0.0.65
Digest:  SHA-256=SyAIoEevwAGnlK/0MUf5xncF0wiRIbgO6ExJC8blbPw=
Content-Length: 1047

< HTTP/1.1 201 Created
< v-c-merchant-id: cbq_510000669_test
< v-c-session-id: 9b0ad428-75a6-4301-a8b5-61af5f068407
< content-type: application/jwt
< cache-control: no-store
< pragma: no-cache
< content-length: 5861
< x-envoy-upstream-service-time: 18
< date: Wed, 08 Oct 2025 10:22:44 GMT
< server: istio-envoy
< Connection: keep-alive
< Strict-Transport-Security: max-age=31536000
< v-c-correlation-id: 8e0d4b35-0109-4c23-99f9-bd3cef1fdd1a
< X-OPNET-Transaction-Trace: 255df1e0-83d6-4275-89d7-91f2b2cc0c4e-1210023-26168986
< 
* Connection #0 to host apitest.cybersource.com left intact
*   Trying 66.185.182.49:443...
* Connected to apitest.cybersource.com (66.185.182.49) port 443
* ALPN: curl offers h2,http/1.1
*  CAfile: D:\xampp\htdocs\ahmed-admin-qa\vendor\cybersource\rest-client-php\lib\ssl/cacert.pem
*  CApath: none
* SSL connection using TLSv1.2 / ECDHE-RSA-AES256-GCM-SHA384
* ALPN: server did not agree on a protocol. Uses default.
* Server certificate:
*  subject: jurisdictionC=US; jurisdictionST=Delaware; businessCategory=Private Organization; serialNumber=802339; C=US; ST=California; L=Foster City; O=Visa International Service Association; CN=apitest.cybersource.com
*  start date: Jul  7 00:00:00 2025 GMT
*  expire date: Jul  6 23:59:59 2026 GMT
*  subjectAltName: host "apitest.cybersource.com" matched cert's "apitest.cybersource.com"
*  issuer: C=US; O=DigiCert Inc; CN=DigiCert EV RSA CA G2
*  SSL certificate verify ok.
* using HTTP/1.x
> POST /up/v1/capture-contexts HTTP/1.1
Host: apitest.cybersource.com
User-Agent: Swagger-Codegen/1.0.0/php
Accept:  application/jwt
Content-Type:  application/json
v-c-merchant-id: cbq_510000669_test
Signature: keyid="7e6fe91b-5753-48c5-a9c1-d403695ffa1b", algorithm="HmacSHA256", headers="host date request-target digest v-c-merchant-id", signature="kt2vaAW5JIWfq4ejfYgfE1Gu4M/uVJpSteakin2/ejI="
Date: Wed, 08 Oct 2025 14:29:21 GMT
v-c-client-id: cybs-rest-sdk-php-0.0.65
Digest:  SHA-256=SyAIoEevwAGnlK/0MUf5xncF0wiRIbgO6ExJC8blbPw=
Content-Length: 1047

< HTTP/1.1 201 Created
< v-c-merchant-id: cbq_510000669_test
< v-c-session-id: 356eb416-7624-4e3f-b31a-b85b80b88775
< content-type: application/jwt
< cache-control: no-store
< pragma: no-cache
< content-length: 5861
< x-envoy-upstream-service-time: 28
< date: Wed, 08 Oct 2025 10:29:22 GMT
< server: istio-envoy
< Connection: keep-alive
< Strict-Transport-Security: max-age=31536000
< v-c-correlation-id: cfaf8194-35ac-4289-b088-cd524beb4ba5
< X-OPNET-Transaction-Trace: 255df1e0-83d6-4275-89d7-91f2b2cc0c4e-1210023-26173984
< 
* Connection #0 to host apitest.cybersource.com left intact
*   Trying 66.185.182.49:443...
* Connected to apitest.cybersource.com (66.185.182.49) port 443
* ALPN: curl offers h2,http/1.1
*  CAfile: D:\xampp\htdocs\ahmed-admin-qa\vendor\cybersource\rest-client-php\lib\ssl/cacert.pem
*  CApath: none
* SSL connection using TLSv1.2 / ECDHE-RSA-AES256-GCM-SHA384
* ALPN: server did not agree on a protocol. Uses default.
* Server certificate:
*  subject: jurisdictionC=US; jurisdictionST=Delaware; businessCategory=Private Organization; serialNumber=802339; C=US; ST=California; L=Foster City; O=Visa International Service Association; CN=apitest.cybersource.com
*  start date: Jul  7 00:00:00 2025 GMT
*  expire date: Jul  6 23:59:59 2026 GMT
*  subjectAltName: host "apitest.cybersource.com" matched cert's "apitest.cybersource.com"
*  issuer: C=US; O=DigiCert Inc; CN=DigiCert EV RSA CA G2
*  SSL certificate verify ok.
* using HTTP/1.x
> POST /up/v1/capture-contexts HTTP/1.1
Host: apitest.cybersource.com
User-Agent: Swagger-Codegen/1.0.0/php
Accept:  application/jwt
Content-Type:  application/json
v-c-merchant-id: cbq_510000669_test
Signature: keyid="7e6fe91b-5753-48c5-a9c1-d403695ffa1b", algorithm="HmacSHA256", headers="host date request-target digest v-c-merchant-id", signature="dRJtdOMlb4o0lXLb/Mu6OvfmDL1flZ0hNsf7AZPWhQU="
Date: Wed, 08 Oct 2025 14:32:48 GMT
v-c-client-id: cybs-rest-sdk-php-0.0.65
Digest:  SHA-256=SyAIoEevwAGnlK/0MUf5xncF0wiRIbgO6ExJC8blbPw=
Content-Length: 1047

< HTTP/1.1 201 Created
< v-c-merchant-id: cbq_510000669_test
< v-c-session-id: a8402920-72bc-450a-b5e4-5a3a881377e4
< content-type: application/jwt
< cache-control: no-store
< pragma: no-cache
< content-length: 5861
< x-envoy-upstream-service-time: 22
< date: Wed, 08 Oct 2025 10:32:50 GMT
< server: istio-envoy
< Connection: keep-alive
< Strict-Transport-Security: max-age=31536000
< v-c-correlation-id: 09588765-cf04-4c5d-a6cc-3db194db71fd
< X-OPNET-Transaction-Trace: 255df1e0-83d6-4275-89d7-91f2b2cc0c4e-1210023-26178087
< 
* Connection #0 to host apitest.cybersource.com left intact
*   Trying 66.185.182.49:443...
* Connected to apitest.cybersource.com (66.185.182.49) port 443
* ALPN: curl offers h2,http/1.1
*  CAfile: D:\xampp\htdocs\ahmed-admin-qa\vendor\cybersource\rest-client-php\lib\ssl/cacert.pem
*  CApath: none
* SSL connection using TLSv1.2 / ECDHE-RSA-AES256-GCM-SHA384
* ALPN: server did not agree on a protocol. Uses default.
* Server certificate:
*  subject: jurisdictionC=US; jurisdictionST=Delaware; businessCategory=Private Organization; serialNumber=802339; C=US; ST=California; L=Foster City; O=Visa International Service Association; CN=apitest.cybersource.com
*  start date: Jul  7 00:00:00 2025 GMT
*  expire date: Jul  6 23:59:59 2026 GMT
*  subjectAltName: host "apitest.cybersource.com" matched cert's "apitest.cybersource.com"
*  issuer: C=US; O=DigiCert Inc; CN=DigiCert EV RSA CA G2
*  SSL certificate verify ok.
* using HTTP/1.x
> POST /up/v1/capture-contexts HTTP/1.1
Host: apitest.cybersource.com
User-Agent: Swagger-Codegen/1.0.0/php
Accept:  application/jwt
Content-Type:  application/json
v-c-merchant-id: cbq_510000669_test
Signature: keyid="7e6fe91b-5753-48c5-a9c1-d403695ffa1b", algorithm="HmacSHA256", headers="host date request-target digest v-c-merchant-id", signature="2VeXibbkH3iyB6H5bnqu2jthfSiyzkS+gr+0Yer/EyM="
Date: Wed, 08 Oct 2025 14:55:45 GMT
v-c-client-id: cybs-rest-sdk-php-0.0.65
Digest:  SHA-256=k40/5hJfxN343UfNptXtvGqspUZggQsxXGHqw3f5qSU=
Content-Length: 1047

< HTTP/1.1 201 Created
< v-c-merchant-id: cbq_510000669_test
< v-c-session-id: ef9268d5-1a14-46dd-a9da-4bc21c807bf7
< content-type: application/jwt
< cache-control: no-store
< pragma: no-cache
< content-length: 5861
< x-envoy-upstream-service-time: 20
< date: Wed, 08 Oct 2025 10:55:46 GMT
< server: istio-envoy
< Connection: keep-alive
< Strict-Transport-Security: max-age=31536000
< v-c-correlation-id: 99ce5e28-46ef-47c4-9335-7f29ef0a3195
< X-OPNET-Transaction-Trace: 934de25f-e7ea-4bd1-be1c-02ab3dbc7a6b-1228642-26244864
< 
* Connection #0 to host apitest.cybersource.com left intact
*   Trying 66.185.182.49:443...
* Connected to apitest.cybersource.com (66.185.182.49) port 443
* ALPN: curl offers h2,http/1.1
*  CAfile: D:\xampp\htdocs\ahmed-admin-qa\vendor\cybersource\rest-client-php\lib\ssl/cacert.pem
*  CApath: none
* SSL connection using TLSv1.2 / ECDHE-RSA-AES256-GCM-SHA384
* ALPN: server did not agree on a protocol. Uses default.
* Server certificate:
*  subject: jurisdictionC=US; jurisdictionST=Delaware; businessCategory=Private Organization; serialNumber=802339; C=US; ST=California; L=Foster City; O=Visa International Service Association; CN=apitest.cybersource.com
*  start date: Jul  7 00:00:00 2025 GMT
*  expire date: Jul  6 23:59:59 2026 GMT
*  subjectAltName: host "apitest.cybersource.com" matched cert's "apitest.cybersource.com"
*  issuer: C=US; O=DigiCert Inc; CN=DigiCert EV RSA CA G2
*  SSL certificate verify ok.
* using HTTP/1.x
> POST /up/v1/capture-contexts HTTP/1.1
Host: apitest.cybersource.com
User-Agent: Swagger-Codegen/1.0.0/php
Accept:  application/jwt
Content-Type:  application/json
v-c-merchant-id: cbq_510000669_test
Signature: keyid="7e6fe91b-5753-48c5-a9c1-d403695ffa1b", algorithm="HmacSHA256", headers="host date request-target digest v-c-merchant-id", signature="kRMFZ8HLm6AiU4SEKO3iHch9NGNJ9wnF9qlnOOG9x74="
Date: Wed, 08 Oct 2025 14:57:26 GMT
v-c-client-id: cybs-rest-sdk-php-0.0.65
Digest:  SHA-256=SyAIoEevwAGnlK/0MUf5xncF0wiRIbgO6ExJC8blbPw=
Content-Length: 1047

< HTTP/1.1 201 Created
< v-c-merchant-id: cbq_510000669_test
< v-c-session-id: e3f0f228-10f4-4c38-83fb-79f5f7572a1e
< content-type: application/jwt
< cache-control: no-store
< pragma: no-cache
< content-length: 5861
< x-envoy-upstream-service-time: 17
< date: Wed, 08 Oct 2025 10:57:28 GMT
< server: istio-envoy
< Connection: keep-alive
< Strict-Transport-Security: max-age=31536000
< v-c-correlation-id: d64c7fb3-7f12-4a7c-a26b-d58fb7de6748
< X-OPNET-Transaction-Trace: 934de25f-e7ea-4bd1-be1c-02ab3dbc7a6b-1228642-26246105
< 
* Connection #0 to host apitest.cybersource.com left intact
*   Trying 66.185.182.49:443...
* Connected to apitest.cybersource.com (66.185.182.49) port 443
* ALPN: curl offers h2,http/1.1
*  CAfile: D:\xampp\htdocs\ahmed-admin-qa\vendor\cybersource\rest-client-php\lib\ssl/cacert.pem
*  CApath: none
* SSL connection using TLSv1.2 / ECDHE-RSA-AES256-GCM-SHA384
* ALPN: server did not agree on a protocol. Uses default.
* Server certificate:
*  subject: jurisdictionC=US; jurisdictionST=Delaware; businessCategory=Private Organization; serialNumber=802339; C=US; ST=California; L=Foster City; O=Visa International Service Association; CN=apitest.cybersource.com
*  start date: Jul  7 00:00:00 2025 GMT
*  expire date: Jul  6 23:59:59 2026 GMT
*  subjectAltName: host "apitest.cybersource.com" matched cert's "apitest.cybersource.com"
*  issuer: C=US; O=DigiCert Inc; CN=DigiCert EV RSA CA G2
*  SSL certificate verify ok.
* using HTTP/1.x
> POST /up/v1/capture-contexts HTTP/1.1
Host: apitest.cybersource.com
User-Agent: Swagger-Codegen/1.0.0/php
Accept:  application/jwt
Content-Type:  application/json
v-c-merchant-id: cbq_510000669_test
Signature: keyid="7e6fe91b-5753-48c5-a9c1-d403695ffa1b", algorithm="HmacSHA256", headers="host date request-target digest v-c-merchant-id", signature="u8vLiwPwdoWJ/PMmSSnz72RnV14YHOc4HjI5T6EfLyM="
Date: Wed, 08 Oct 2025 14:59:06 GMT
v-c-client-id: cybs-rest-sdk-php-0.0.65
Digest:  SHA-256=k40/5hJfxN343UfNptXtvGqspUZggQsxXGHqw3f5qSU=
Content-Length: 1047

< HTTP/1.1 201 Created
< v-c-merchant-id: cbq_510000669_test
< v-c-session-id: 5f8aea99-674e-4bfd-8ba6-bf08138128e3
< content-type: application/jwt
< cache-control: no-store
< pragma: no-cache
< content-length: 5861
< x-envoy-upstream-service-time: 16
< date: Wed, 08 Oct 2025 10:59:07 GMT
< server: istio-envoy
< Connection: keep-alive
< Strict-Transport-Security: max-age=31536000
< v-c-correlation-id: 98c917e9-673c-45ea-b3c6-a431c3ef6008
< X-OPNET-Transaction-Trace: 255df1e0-83d6-4275-89d7-91f2b2cc0c4e-1210023-26201985
< 
* Connection #0 to host apitest.cybersource.com left intact
*   Trying 66.185.182.49:443...
* Connected to apitest.cybersource.com (66.185.182.49) port 443
* ALPN: curl offers h2,http/1.1
*  CAfile: D:\xampp\htdocs\ahmed-admin-qa\vendor\cybersource\rest-client-php\lib\ssl/cacert.pem
*  CApath: none
* SSL connection using TLSv1.2 / ECDHE-RSA-AES256-GCM-SHA384
* ALPN: server did not agree on a protocol. Uses default.
* Server certificate:
*  subject: jurisdictionC=US; jurisdictionST=Delaware; businessCategory=Private Organization; serialNumber=802339; C=US; ST=California; L=Foster City; O=Visa International Service Association; CN=apitest.cybersource.com
*  start date: Jul  7 00:00:00 2025 GMT
*  expire date: Jul  6 23:59:59 2026 GMT
*  subjectAltName: host "apitest.cybersource.com" matched cert's "apitest.cybersource.com"
*  issuer: C=US; O=DigiCert Inc; CN=DigiCert EV RSA CA G2
*  SSL certificate verify ok.
* using HTTP/1.x
> POST /up/v1/capture-contexts HTTP/1.1
Host: apitest.cybersource.com
User-Agent: Swagger-Codegen/1.0.0/php
Accept:  application/jwt
Content-Type:  application/json
v-c-merchant-id: cbq_510000669_test
Signature: keyid="7e6fe91b-5753-48c5-a9c1-d403695ffa1b", algorithm="HmacSHA256", headers="host date request-target digest v-c-merchant-id", signature="NRU6Vx6+q1AnlItahcS1genjh1lvPd1ekA/GcwbAdc0="
Date: Wed, 08 Oct 2025 15:04:59 GMT
v-c-client-id: cybs-rest-sdk-php-0.0.65
Digest:  SHA-256=SyAIoEevwAGnlK/0MUf5xncF0wiRIbgO6ExJC8blbPw=
Content-Length: 1047

< HTTP/1.1 201 Created
< v-c-merchant-id: cbq_510000669_test
< v-c-session-id: 705efb76-7701-4be4-8661-cf603fb3da84
< content-type: application/jwt
< cache-control: no-store
< pragma: no-cache
< content-length: 5861
< x-envoy-upstream-service-time: 45
< date: Wed, 08 Oct 2025 11:05:01 GMT
< server: istio-envoy
< Connection: keep-alive
< Strict-Transport-Security: max-age=31536000
< v-c-correlation-id: 850ff93e-8c03-41b9-b1cc-2b5cffbcea69
< X-OPNET-Transaction-Trace: 255df1e0-83d6-4275-89d7-91f2b2cc0c4e-1210023-26207984
< 
* Connection #0 to host apitest.cybersource.com left intact
*   Trying 66.185.182.49:443...
* Connected to apitest.cybersource.com (66.185.182.49) port 443
* ALPN: curl offers h2,http/1.1
*  CAfile: D:\xampp\htdocs\ahmed-admin-qa\vendor\cybersource\rest-client-php\lib\ssl/cacert.pem
*  CApath: none
* SSL connection using TLSv1.2 / ECDHE-RSA-AES256-GCM-SHA384
* ALPN: server did not agree on a protocol. Uses default.
* Server certificate:
*  subject: jurisdictionC=US; jurisdictionST=Delaware; businessCategory=Private Organization; serialNumber=802339; C=US; ST=California; L=Foster City; O=Visa International Service Association; CN=apitest.cybersource.com
*  start date: Jul  7 00:00:00 2025 GMT
*  expire date: Jul  6 23:59:59 2026 GMT
*  subjectAltName: host "apitest.cybersource.com" matched cert's "apitest.cybersource.com"
*  issuer: C=US; O=DigiCert Inc; CN=DigiCert EV RSA CA G2
*  SSL certificate verify ok.
* using HTTP/1.x
> POST /up/v1/capture-contexts HTTP/1.1
Host: apitest.cybersource.com
User-Agent: Swagger-Codegen/1.0.0/php
Accept:  application/jwt
Content-Type:  application/json
v-c-merchant-id: cbq_510000669_test
Signature: keyid="7e6fe91b-5753-48c5-a9c1-d403695ffa1b", algorithm="HmacSHA256", headers="host date request-target digest v-c-merchant-id", signature="7yd5m+qsbUOAhRsUmyXKwDLEGqfEN231dQWbiUvyMMw="
Date: Wed, 08 Oct 2025 15:07:15 GMT
v-c-client-id: cybs-rest-sdk-php-0.0.65
Digest:  SHA-256=k40/5hJfxN343UfNptXtvGqspUZggQsxXGHqw3f5qSU=
Content-Length: 1047

< HTTP/1.1 201 Created
< v-c-merchant-id: cbq_510000669_test
< v-c-session-id: 617ae786-cf33-4dbf-9e78-b4992890037b
< content-type: application/jwt
< cache-control: no-store
< pragma: no-cache
< content-length: 5861
< x-envoy-upstream-service-time: 22
< date: Wed, 08 Oct 2025 11:07:17 GMT
< server: istio-envoy
< Connection: keep-alive
< Strict-Transport-Security: max-age=31536000
< v-c-correlation-id: 82003014-ac3e-4c2b-9ba7-d0978d85587f
< X-OPNET-Transaction-Trace: 5f3257e4-1d41-4a51-848f-80f132d6b33e-1180516-26193779
< 
* Connection #0 to host apitest.cybersource.com left intact
*   Trying 66.185.182.49:443...
* Connected to apitest.cybersource.com (66.185.182.49) port 443
* ALPN: curl offers h2,http/1.1
*  CAfile: D:\xampp\htdocs\ahmed-admin-qa\vendor\cybersource\rest-client-php\lib\ssl/cacert.pem
*  CApath: none
* SSL connection using TLSv1.2 / ECDHE-RSA-AES256-GCM-SHA384
* ALPN: server did not agree on a protocol. Uses default.
* Server certificate:
*  subject: jurisdictionC=US; jurisdictionST=Delaware; businessCategory=Private Organization; serialNumber=802339; C=US; ST=California; L=Foster City; O=Visa International Service Association; CN=apitest.cybersource.com
*  start date: Jul  7 00:00:00 2025 GMT
*  expire date: Jul  6 23:59:59 2026 GMT
*  subjectAltName: host "apitest.cybersource.com" matched cert's "apitest.cybersource.com"
*  issuer: C=US; O=DigiCert Inc; CN=DigiCert EV RSA CA G2
*  SSL certificate verify ok.
* using HTTP/1.x
> POST /up/v1/capture-contexts HTTP/1.1
Host: apitest.cybersource.com
User-Agent: Swagger-Codegen/1.0.0/php
Accept:  application/jwt
Content-Type:  application/json
v-c-merchant-id: cbq_510000669_test
Signature: keyid="7e6fe91b-5753-48c5-a9c1-d403695ffa1b", algorithm="HmacSHA256", headers="host date request-target digest v-c-merchant-id", signature="I5oe1wJOndvr97ujqCogb70nzCUXTOTLI4UoXi8YXzw="
Date: Wed, 08 Oct 2025 15:07:49 GMT
v-c-client-id: cybs-rest-sdk-php-0.0.65
Digest:  SHA-256=SyAIoEevwAGnlK/0MUf5xncF0wiRIbgO6ExJC8blbPw=
Content-Length: 1047

< HTTP/1.1 201 Created
< v-c-merchant-id: cbq_510000669_test
< v-c-session-id: 9ad08af0-9199-47e5-b812-d8da02af2bdf
< content-type: application/jwt
< cache-control: no-store
< pragma: no-cache
< content-length: 5861
< x-envoy-upstream-service-time: 30
< date: Wed, 08 Oct 2025 11:07:50 GMT
< server: istio-envoy
< Connection: keep-alive
< Strict-Transport-Security: max-age=31536000
< v-c-correlation-id: 29e63c95-cbc5-4ba4-b66a-20bdc73e9dfe
< X-OPNET-Transaction-Trace: 5f3257e4-1d41-4a51-848f-80f132d6b33e-1180516-26194138
< 
* Connection #0 to host apitest.cybersource.com left intact
*   Trying 66.185.182.49:443...
* Connected to apitest.cybersource.com (66.185.182.49) port 443
* ALPN: curl offers h2,http/1.1
*  CAfile: D:\xampp\htdocs\ahmed-admin-qa\vendor\cybersource\rest-client-php\lib\ssl/cacert.pem
*  CApath: none
* SSL connection using TLSv1.2 / ECDHE-RSA-AES256-GCM-SHA384
* ALPN: server did not agree on a protocol. Uses default.
* Server certificate:
*  subject: jurisdictionC=US; jurisdictionST=Delaware; businessCategory=Private Organization; serialNumber=802339; C=US; ST=California; L=Foster City; O=Visa International Service Association; CN=apitest.cybersource.com
*  start date: Jul  7 00:00:00 2025 GMT
*  expire date: Jul  6 23:59:59 2026 GMT
*  subjectAltName: host "apitest.cybersource.com" matched cert's "apitest.cybersource.com"
*  issuer: C=US; O=DigiCert Inc; CN=DigiCert EV RSA CA G2
*  SSL certificate verify ok.
* using HTTP/1.x
> POST /up/v1/capture-contexts HTTP/1.1
Host: apitest.cybersource.com
User-Agent: Swagger-Codegen/1.0.0/php
Accept:  application/jwt
Content-Type:  application/json
v-c-merchant-id: cbq_510000669_test
Signature: keyid="7e6fe91b-5753-48c5-a9c1-d403695ffa1b", algorithm="HmacSHA256", headers="host date request-target digest v-c-merchant-id", signature="ZEVXuPnkLPO3qKCqWdbO8XiXNBCAozLlcCL8PKFEWJU="
Date: Wed, 08 Oct 2025 15:08:24 GMT
v-c-client-id: cybs-rest-sdk-php-0.0.65
Digest:  SHA-256=k40/5hJfxN343UfNptXtvGqspUZggQsxXGHqw3f5qSU=
Content-Length: 1047

< HTTP/1.1 201 Created
< v-c-merchant-id: cbq_510000669_test
< v-c-session-id: 7a068d71-ef83-4f31-a9d7-db0eaf977f03
< content-type: application/jwt
< cache-control: no-store
< pragma: no-cache
< content-length: 5861
< x-envoy-upstream-service-time: 24
< date: Wed, 08 Oct 2025 11:08:25 GMT
< server: istio-envoy
< Connection: keep-alive
< Strict-Transport-Security: max-age=31536000
< v-c-correlation-id: 32185ca4-10f6-4c7a-a2c2-4229377cf3f5
< X-OPNET-Transaction-Trace: 255df1e0-83d6-4275-89d7-91f2b2cc0c4e-1210023-26211184
< 
* Connection #0 to host apitest.cybersource.com left intact
*   Trying 66.185.182.49:443...
* Connected to apitest.cybersource.com (66.185.182.49) port 443
* ALPN: curl offers h2,http/1.1
*  CAfile: D:\xampp\htdocs\ahmed-admin-qa\vendor\cybersource\rest-client-php\lib\ssl/cacert.pem
*  CApath: none
* SSL connection using TLSv1.2 / ECDHE-RSA-AES256-GCM-SHA384
* ALPN: server did not agree on a protocol. Uses default.
* Server certificate:
*  subject: jurisdictionC=US; jurisdictionST=Delaware; businessCategory=Private Organization; serialNumber=802339; C=US; ST=California; L=Foster City; O=Visa International Service Association; CN=apitest.cybersource.com
*  start date: Jul  7 00:00:00 2025 GMT
*  expire date: Jul  6 23:59:59 2026 GMT
*  subjectAltName: host "apitest.cybersource.com" matched cert's "apitest.cybersource.com"
*  issuer: C=US; O=DigiCert Inc; CN=DigiCert EV RSA CA G2
*  SSL certificate verify ok.
* using HTTP/1.x
> POST /up/v1/capture-contexts HTTP/1.1
Host: apitest.cybersource.com
User-Agent: Swagger-Codegen/1.0.0/php
Accept:  application/jwt
Content-Type:  application/json
v-c-merchant-id: cbq_510000669_test
Signature: keyid="7e6fe91b-5753-48c5-a9c1-d403695ffa1b", algorithm="HmacSHA256", headers="host date request-target digest v-c-merchant-id", signature="+AthY1KMIi3EnfjqJO9znmkPcodUdgsdcReVwoDBMOU="
Date: Wed, 08 Oct 2025 15:29:46 GMT
v-c-client-id: cybs-rest-sdk-php-0.0.65
Digest:  SHA-256=tuqZLdx8jvuVoVWKKNzwBStlKCyXtNFO5Eri+Q55xz0=
Content-Length: 1015

< HTTP/1.1 201 Created
< v-c-merchant-id: cbq_510000669_test
< v-c-session-id: 54c52cee-888b-4755-bee7-ebc2bc5fa2e1
< content-type: application/jwt
< cache-control: no-store
< pragma: no-cache
< content-length: 5818
< x-envoy-upstream-service-time: 15
< date: Wed, 08 Oct 2025 11:29:47 GMT
< server: istio-envoy
< Connection: keep-alive
< Strict-Transport-Security: max-age=31536000
< v-c-correlation-id: 599e4ebc-7610-48d8-bc12-a4afc662c474
< X-OPNET-Transaction-Trace: 5f3257e4-1d41-4a51-848f-80f132d6b33e-1180516-26213471
< 
* Connection #0 to host apitest.cybersource.com left intact
*   Trying 66.185.182.49:443...
* Connected to apitest.cybersource.com (66.185.182.49) port 443
* ALPN: curl offers h2,http/1.1
*  CAfile: D:\xampp\htdocs\ahmed-admin-qa\vendor\cybersource\rest-client-php\lib\ssl/cacert.pem
*  CApath: none
* SSL connection using TLSv1.2 / ECDHE-RSA-AES256-GCM-SHA384
* ALPN: server did not agree on a protocol. Uses default.
* Server certificate:
*  subject: jurisdictionC=US; jurisdictionST=Delaware; businessCategory=Private Organization; serialNumber=802339; C=US; ST=California; L=Foster City; O=Visa International Service Association; CN=apitest.cybersource.com
*  start date: Jul  7 00:00:00 2025 GMT
*  expire date: Jul  6 23:59:59 2026 GMT
*  subjectAltName: host "apitest.cybersource.com" matched cert's "apitest.cybersource.com"
*  issuer: C=US; O=DigiCert Inc; CN=DigiCert EV RSA CA G2
*  SSL certificate verify ok.
* using HTTP/1.x
> POST /up/v1/capture-contexts HTTP/1.1
Host: apitest.cybersource.com
User-Agent: Swagger-Codegen/1.0.0/php
Accept:  application/jwt
Content-Type:  application/json
v-c-merchant-id: cbq_510000669_test
Signature: keyid="7e6fe91b-5753-48c5-a9c1-d403695ffa1b", algorithm="HmacSHA256", headers="host date request-target digest v-c-merchant-id", signature="GANC27J354L4kbwPYImLjiPameUxiYVTfFSRRouFxlw="
Date: Wed, 08 Oct 2025 15:32:01 GMT
v-c-client-id: cybs-rest-sdk-php-0.0.65
Digest:  SHA-256=tuqZLdx8jvuVoVWKKNzwBStlKCyXtNFO5Eri+Q55xz0=
Content-Length: 1015

< HTTP/1.1 201 Created
< v-c-merchant-id: cbq_510000669_test
< v-c-session-id: 37489154-0438-4cb0-a326-d62cef45a37e
< content-type: application/jwt
< cache-control: no-store
< pragma: no-cache
< content-length: 5818
< x-envoy-upstream-service-time: 16
< date: Wed, 08 Oct 2025 11:32:02 GMT
< server: istio-envoy
< Connection: keep-alive
< Strict-Transport-Security: max-age=31536000
< v-c-correlation-id: b31ddd61-c154-4878-b089-ff834297a546
< X-OPNET-Transaction-Trace: 5f3257e4-1d41-4a51-848f-80f132d6b33e-1180516-26215835
< 
* Connection #0 to host apitest.cybersource.com left intact
*   Trying 66.185.182.49:443...
* Connected to apitest.cybersource.com (66.185.182.49) port 443
* ALPN: curl offers h2,http/1.1
*  CAfile: D:\xampp\htdocs\ahmed-admin-qa\vendor\cybersource\rest-client-php\lib\ssl/cacert.pem
*  CApath: none
* SSL connection using TLSv1.2 / ECDHE-RSA-AES256-GCM-SHA384
* ALPN: server did not agree on a protocol. Uses default.
* Server certificate:
*  subject: jurisdictionC=US; jurisdictionST=Delaware; businessCategory=Private Organization; serialNumber=802339; C=US; ST=California; L=Foster City; O=Visa International Service Association; CN=apitest.cybersource.com
*  start date: Jul  7 00:00:00 2025 GMT
*  expire date: Jul  6 23:59:59 2026 GMT
*  subjectAltName: host "apitest.cybersource.com" matched cert's "apitest.cybersource.com"
*  issuer: C=US; O=DigiCert Inc; CN=DigiCert EV RSA CA G2
*  SSL certificate verify ok.
* using HTTP/1.x
> POST /up/v1/capture-contexts HTTP/1.1
Host: apitest.cybersource.com
User-Agent: Swagger-Codegen/1.0.0/php
Accept:  application/jwt
Content-Type:  application/json
v-c-merchant-id: cbq_510000669_test
Signature: keyid="7e6fe91b-5753-48c5-a9c1-d403695ffa1b", algorithm="HmacSHA256", headers="host date request-target digest v-c-merchant-id", signature="/W1P8tECGswAiz7WPRL0yf7gN/SHgiRuyclTvXnfV10="
Date: Wed, 08 Oct 2025 15:33:13 GMT
v-c-client-id: cybs-rest-sdk-php-0.0.65
Digest:  SHA-256=V7IqW8hJFm77eQZFJVUHj4gqPdOBQ7jiXmh9O06T9Ao=
Content-Length: 1015

< HTTP/1.1 201 Created
< v-c-merchant-id: cbq_510000669_test
< v-c-session-id: f6ea2b07-5074-4c38-8a92-20fc615fa45d
< content-type: application/jwt
< cache-control: no-store
< pragma: no-cache
< content-length: 5818
< x-envoy-upstream-service-time: 23
< date: Wed, 08 Oct 2025 11:33:15 GMT
< server: istio-envoy
< Connection: keep-alive
< Strict-Transport-Security: max-age=31536000
< v-c-correlation-id: 9927ba9e-99e0-4a9d-b1f5-b5f4bfc2c4eb
< X-OPNET-Transaction-Trace: 934de25f-e7ea-4bd1-be1c-02ab3dbc7a6b-1228642-26279064
< 
* Connection #0 to host apitest.cybersource.com left intact
*   Trying 66.185.182.49:443...
* Connected to apitest.cybersource.com (66.185.182.49) port 443
* ALPN: curl offers h2,http/1.1
*  CAfile: D:\xampp\htdocs\ahmed-admin-qa\vendor\cybersource\rest-client-php\lib\ssl/cacert.pem
*  CApath: none
* SSL connection using TLSv1.2 / ECDHE-RSA-AES256-GCM-SHA384
* ALPN: server did not agree on a protocol. Uses default.
* Server certificate:
*  subject: jurisdictionC=US; jurisdictionST=Delaware; businessCategory=Private Organization; serialNumber=802339; C=US; ST=California; L=Foster City; O=Visa International Service Association; CN=apitest.cybersource.com
*  start date: Jul  7 00:00:00 2025 GMT
*  expire date: Jul  6 23:59:59 2026 GMT
*  subjectAltName: host "apitest.cybersource.com" matched cert's "apitest.cybersource.com"
*  issuer: C=US; O=DigiCert Inc; CN=DigiCert EV RSA CA G2
*  SSL certificate verify ok.
* using HTTP/1.x
> POST /up/v1/capture-contexts HTTP/1.1
Host: apitest.cybersource.com
User-Agent: Swagger-Codegen/1.0.0/php
Accept:  application/jwt
Content-Type:  application/json
v-c-merchant-id: cbq_510000669_test
Signature: keyid="7e6fe91b-5753-48c5-a9c1-d403695ffa1b", algorithm="HmacSHA256", headers="host date request-target digest v-c-merchant-id", signature="uRmKjtceK6Fk9Fn21L+Wd+DLghVxSTxYwOyhEh+s7D0="
Date: Wed, 08 Oct 2025 15:37:06 GMT
v-c-client-id: cybs-rest-sdk-php-0.0.65
Digest:  SHA-256=tuqZLdx8jvuVoVWKKNzwBStlKCyXtNFO5Eri+Q55xz0=
Content-Length: 1015

< HTTP/1.1 201 Created
< v-c-merchant-id: cbq_510000669_test
< v-c-session-id: a32b7396-6b5b-47c6-84b0-6aab6fb45215
< content-type: application/jwt
< cache-control: no-store
< pragma: no-cache
< content-length: 5818
< x-envoy-upstream-service-time: 24
< date: Wed, 08 Oct 2025 11:37:07 GMT
< server: istio-envoy
< Connection: keep-alive
< Strict-Transport-Security: max-age=31536000
< v-c-correlation-id: 3bbbf462-2290-4c5b-b8fe-144112e309f2
< X-OPNET-Transaction-Trace: 934de25f-e7ea-4bd1-be1c-02ab3dbc7a6b-1228642-26284765
< 
* Connection #0 to host apitest.cybersource.com left intact
*   Trying 66.185.182.49:443...
* Connected to apitest.cybersource.com (66.185.182.49) port 443
* ALPN: curl offers h2,http/1.1
*  CAfile: D:\xampp\htdocs\ahmed-admin-qa\vendor\cybersource\rest-client-php\lib\ssl/cacert.pem
*  CApath: none
* SSL connection using TLSv1.2 / ECDHE-RSA-AES256-GCM-SHA384
* ALPN: server did not agree on a protocol. Uses default.
* Server certificate:
*  subject: jurisdictionC=US; jurisdictionST=Delaware; businessCategory=Private Organization; serialNumber=802339; C=US; ST=California; L=Foster City; O=Visa International Service Association; CN=apitest.cybersource.com
*  start date: Jul  7 00:00:00 2025 GMT
*  expire date: Jul  6 23:59:59 2026 GMT
*  subjectAltName: host "apitest.cybersource.com" matched cert's "apitest.cybersource.com"
*  issuer: C=US; O=DigiCert Inc; CN=DigiCert EV RSA CA G2
*  SSL certificate verify ok.
* using HTTP/1.x
> POST /up/v1/capture-contexts HTTP/1.1
Host: apitest.cybersource.com
User-Agent: Swagger-Codegen/1.0.0/php
Accept:  application/jwt
Content-Type:  application/json
v-c-merchant-id: cbq_510000669_test
Signature: keyid="7e6fe91b-5753-48c5-a9c1-d403695ffa1b", algorithm="HmacSHA256", headers="host date request-target digest v-c-merchant-id", signature="kboWrzvaDuTfJqhu7IR/YleNp8s0Odg1Jn9HCjdfIYA="
Date: Wed, 08 Oct 2025 15:39:52 GMT
v-c-client-id: cybs-rest-sdk-php-0.0.65
Digest:  SHA-256=tuqZLdx8jvuVoVWKKNzwBStlKCyXtNFO5Eri+Q55xz0=
Content-Length: 1015

< HTTP/1.1 201 Created
< v-c-merchant-id: cbq_510000669_test
< v-c-session-id: 9bb97339-1a61-4311-b044-651844bb2867
< content-type: application/jwt
< cache-control: no-store
< pragma: no-cache
< content-length: 5818
< x-envoy-upstream-service-time: 30
< date: Wed, 08 Oct 2025 11:39:54 GMT
< server: istio-envoy
< Connection: keep-alive
< Strict-Transport-Security: max-age=31536000
< v-c-correlation-id: 88981d84-8252-49d5-b23b-6e8173b0b1ac
< X-OPNET-Transaction-Trace: 255df1e0-83d6-4275-89d7-91f2b2cc0c4e-1210023-26241772
< 
* Connection #0 to host apitest.cybersource.com left intact
*   Trying 66.185.182.49:443...
* Connected to apitest.cybersource.com (66.185.182.49) port 443
* ALPN: curl offers h2,http/1.1
*  CAfile: D:\xampp\htdocs\ahmed-admin-qa\vendor\cybersource\rest-client-php\lib\ssl/cacert.pem
*  CApath: none
* SSL connection using TLSv1.2 / ECDHE-RSA-AES256-GCM-SHA384
* ALPN: server did not agree on a protocol. Uses default.
* Server certificate:
*  subject: jurisdictionC=US; jurisdictionST=Delaware; businessCategory=Private Organization; serialNumber=802339; C=US; ST=California; L=Foster City; O=Visa International Service Association; CN=apitest.cybersource.com
*  start date: Jul  7 00:00:00 2025 GMT
*  expire date: Jul  6 23:59:59 2026 GMT
*  subjectAltName: host "apitest.cybersource.com" matched cert's "apitest.cybersource.com"
*  issuer: C=US; O=DigiCert Inc; CN=DigiCert EV RSA CA G2
*  SSL certificate verify ok.
* using HTTP/1.x
> POST /up/v1/capture-contexts HTTP/1.1
Host: apitest.cybersource.com
User-Agent: Swagger-Codegen/1.0.0/php
Accept:  application/jwt
Content-Type:  application/json
v-c-merchant-id: cbq_510000669_test
Signature: keyid="7e6fe91b-5753-48c5-a9c1-d403695ffa1b", algorithm="HmacSHA256", headers="host date request-target digest v-c-merchant-id", signature="61kRE9XSV3U+NZFa65EZs2UenGzjAusR9sRJVA3sypw="
Date: Wed, 08 Oct 2025 15:40:06 GMT
v-c-client-id: cybs-rest-sdk-php-0.0.65
Digest:  SHA-256=tuqZLdx8jvuVoVWKKNzwBStlKCyXtNFO5Eri+Q55xz0=
Content-Length: 1015

< HTTP/1.1 201 Created
< v-c-merchant-id: cbq_510000669_test
< v-c-session-id: 342eed5c-877c-499c-b9d8-0ade3021a6b7
< content-type: application/jwt
< cache-control: no-store
< pragma: no-cache
< content-length: 5818
< x-envoy-upstream-service-time: 26
< date: Wed, 08 Oct 2025 11:40:08 GMT
< server: istio-envoy
< Connection: keep-alive
< Strict-Transport-Security: max-age=31536000
< v-c-correlation-id: 5f6234a0-5e59-4227-8a38-e5091fd26840
< X-OPNET-Transaction-Trace: 255df1e0-83d6-4275-89d7-91f2b2cc0c4e-1210023-26242055
< 
* Connection #0 to host apitest.cybersource.com left intact
*   Trying 66.185.182.49:443...
* Connected to apitest.cybersource.com (66.185.182.49) port 443
* ALPN: curl offers h2,http/1.1
*  CAfile: D:\xampp\htdocs\ahmed-admin-qa\vendor\cybersource\rest-client-php\lib\ssl/cacert.pem
*  CApath: none
* SSL connection using TLSv1.2 / ECDHE-RSA-AES256-GCM-SHA384
* ALPN: server did not agree on a protocol. Uses default.
* Server certificate:
*  subject: jurisdictionC=US; jurisdictionST=Delaware; businessCategory=Private Organization; serialNumber=802339; C=US; ST=California; L=Foster City; O=Visa International Service Association; CN=apitest.cybersource.com
*  start date: Jul  7 00:00:00 2025 GMT
*  expire date: Jul  6 23:59:59 2026 GMT
*  subjectAltName: host "apitest.cybersource.com" matched cert's "apitest.cybersource.com"
*  issuer: C=US; O=DigiCert Inc; CN=DigiCert EV RSA CA G2
*  SSL certificate verify ok.
* using HTTP/1.x
> POST /up/v1/capture-contexts HTTP/1.1
Host: apitest.cybersource.com
User-Agent: Swagger-Codegen/1.0.0/php
Accept:  application/jwt
Content-Type:  application/json
v-c-merchant-id: cbq_510000669_test
Signature: keyid="7e6fe91b-5753-48c5-a9c1-d403695ffa1b", algorithm="HmacSHA256", headers="host date request-target digest v-c-merchant-id", signature="0VvZpk45/FIf246a2o3FBk4a0o53gpPINkDeOfHmieE="
Date: Wed, 08 Oct 2025 15:43:34 GMT
v-c-client-id: cybs-rest-sdk-php-0.0.65
Digest:  SHA-256=V7IqW8hJFm77eQZFJVUHj4gqPdOBQ7jiXmh9O06T9Ao=
Content-Length: 1015

< HTTP/1.1 201 Created
< v-c-merchant-id: cbq_510000669_test
< v-c-session-id: b6ef8652-48d8-4be8-948c-78744f3431cd
< content-type: application/jwt
< cache-control: no-store
< pragma: no-cache
< content-length: 5818
< x-envoy-upstream-service-time: 17
< date: Wed, 08 Oct 2025 11:43:36 GMT
< server: istio-envoy
< Connection: keep-alive
< Strict-Transport-Security: max-age=31536000
< v-c-correlation-id: 47ed2c8d-64cc-41f0-a4c0-4d202b52b59a
< X-OPNET-Transaction-Trace: 5f3257e4-1d41-4a51-848f-80f132d6b33e-1180516-26228227
< 
* Connection #0 to host apitest.cybersource.com left intact
*   Trying 66.185.182.49:443...
* Connected to apitest.cybersource.com (66.185.182.49) port 443
* ALPN: curl offers h2,http/1.1
*  CAfile: D:\xampp\htdocs\ahmed-admin-qa\vendor\cybersource\rest-client-php\lib\ssl/cacert.pem
*  CApath: none
* SSL connection using TLSv1.2 / ECDHE-RSA-AES256-GCM-SHA384
* ALPN: server did not agree on a protocol. Uses default.
* Server certificate:
*  subject: jurisdictionC=US; jurisdictionST=Delaware; businessCategory=Private Organization; serialNumber=802339; C=US; ST=California; L=Foster City; O=Visa International Service Association; CN=apitest.cybersource.com
*  start date: Jul  7 00:00:00 2025 GMT
*  expire date: Jul  6 23:59:59 2026 GMT
*  subjectAltName: host "apitest.cybersource.com" matched cert's "apitest.cybersource.com"
*  issuer: C=US; O=DigiCert Inc; CN=DigiCert EV RSA CA G2
*  SSL certificate verify ok.
* using HTTP/1.x
> POST /up/v1/capture-contexts HTTP/1.1
Host: apitest.cybersource.com
User-Agent: Swagger-Codegen/1.0.0/php
Accept:  application/jwt
Content-Type:  application/json
v-c-merchant-id: cbq_510000669_test
Signature: keyid="7e6fe91b-5753-48c5-a9c1-d403695ffa1b", algorithm="HmacSHA256", headers="host date request-target digest v-c-merchant-id", signature="47vUA0kE4I9YEwMN6dc7K1wNAlWg+4GR17lw1p7F5xk="
Date: Wed, 08 Oct 2025 15:45:44 GMT
v-c-client-id: cybs-rest-sdk-php-0.0.65
Digest:  SHA-256=tuqZLdx8jvuVoVWKKNzwBStlKCyXtNFO5Eri+Q55xz0=
Content-Length: 1015

< HTTP/1.1 201 Created
< v-c-merchant-id: cbq_510000669_test
< v-c-session-id: 4aed65f9-eb34-4b49-b3b9-4b6d7142bc24
< content-type: application/jwt
< cache-control: no-store
< pragma: no-cache
< content-length: 5818
< x-envoy-upstream-service-time: 33
< date: Wed, 08 Oct 2025 11:45:45 GMT
< server: istio-envoy
< Connection: keep-alive
< Strict-Transport-Security: max-age=31536000
< v-c-correlation-id: 6fe7a4aa-284e-4dfc-a5e3-887b6666a5f4
< X-OPNET-Transaction-Trace: 934de25f-e7ea-4bd1-be1c-02ab3dbc7a6b-1228642-26291868
< 
* Connection #0 to host apitest.cybersource.com left intact
*   Trying 66.185.182.49:443...
* Connected to apitest.cybersource.com (66.185.182.49) port 443
* ALPN: curl offers h2,http/1.1
*  CAfile: D:\xampp\htdocs\ahmed-admin-qa\vendor\cybersource\rest-client-php\lib\ssl/cacert.pem
*  CApath: none
* SSL connection using TLSv1.2 / ECDHE-RSA-AES256-GCM-SHA384
* ALPN: server did not agree on a protocol. Uses default.
* Server certificate:
*  subject: jurisdictionC=US; jurisdictionST=Delaware; businessCategory=Private Organization; serialNumber=802339; C=US; ST=California; L=Foster City; O=Visa International Service Association; CN=apitest.cybersource.com
*  start date: Jul  7 00:00:00 2025 GMT
*  expire date: Jul  6 23:59:59 2026 GMT
*  subjectAltName: host "apitest.cybersource.com" matched cert's "apitest.cybersource.com"
*  issuer: C=US; O=DigiCert Inc; CN=DigiCert EV RSA CA G2
*  SSL certificate verify ok.
* using HTTP/1.x
> POST /up/v1/capture-contexts HTTP/1.1
Host: apitest.cybersource.com
User-Agent: Swagger-Codegen/1.0.0/php
Accept:  application/jwt
Content-Type:  application/json
v-c-merchant-id: cbq_510000669_test
Signature: keyid="7e6fe91b-5753-48c5-a9c1-d403695ffa1b", algorithm="HmacSHA256", headers="host date request-target digest v-c-merchant-id", signature="9ZXfxGhiFReTRT29sEmkI/xz23Wi8a6jrySoQlqWfNM="
Date: Wed, 08 Oct 2025 15:48:49 GMT
v-c-client-id: cybs-rest-sdk-php-0.0.65
Digest:  SHA-256=tuqZLdx8jvuVoVWKKNzwBStlKCyXtNFO5Eri+Q55xz0=
Content-Length: 1015

< HTTP/1.1 201 Created
< v-c-merchant-id: cbq_510000669_test
< v-c-session-id: 6463187c-ccfd-44c6-8e13-61d21f557477
< content-type: application/jwt
< cache-control: no-store
< pragma: no-cache
< content-length: 5818
< x-envoy-upstream-service-time: 27
< date: Wed, 08 Oct 2025 11:48:51 GMT
< server: istio-envoy
< Connection: keep-alive
< Strict-Transport-Security: max-age=31536000
< v-c-correlation-id: 27425b6d-c699-4ed0-bbcc-a6f24d73c6e9
< X-OPNET-Transaction-Trace: 255df1e0-83d6-4275-89d7-91f2b2cc0c4e-1210023-26250005
< 
* Connection #0 to host apitest.cybersource.com left intact
*   Trying 66.185.182.49:443...
* Connected to apitest.cybersource.com (66.185.182.49) port 443
* ALPN: curl offers h2,http/1.1
*  CAfile: D:\xampp\htdocs\ahmed-admin-qa\vendor\cybersource\rest-client-php\lib\ssl/cacert.pem
*  CApath: none
* SSL connection using TLSv1.2 / ECDHE-RSA-AES256-GCM-SHA384
* ALPN: server did not agree on a protocol. Uses default.
* Server certificate:
*  subject: jurisdictionC=US; jurisdictionST=Delaware; businessCategory=Private Organization; serialNumber=802339; C=US; ST=California; L=Foster City; O=Visa International Service Association; CN=apitest.cybersource.com
*  start date: Jul  7 00:00:00 2025 GMT
*  expire date: Jul  6 23:59:59 2026 GMT
*  subjectAltName: host "apitest.cybersource.com" matched cert's "apitest.cybersource.com"
*  issuer: C=US; O=DigiCert Inc; CN=DigiCert EV RSA CA G2
*  SSL certificate verify ok.
* using HTTP/1.x
> POST /up/v1/capture-contexts HTTP/1.1
Host: apitest.cybersource.com
User-Agent: Swagger-Codegen/1.0.0/php
Accept:  application/jwt
Content-Type:  application/json
v-c-merchant-id: cbq_510000669_test
Signature: keyid="7e6fe91b-5753-48c5-a9c1-d403695ffa1b", algorithm="HmacSHA256", headers="host date request-target digest v-c-merchant-id", signature="j9V48fjmmLznL50FnG+PPGVYZl+R67KuEeLeleOeerU="
Date: Wed, 08 Oct 2025 15:49:12 GMT
v-c-client-id: cybs-rest-sdk-php-0.0.65
Digest:  SHA-256=V7IqW8hJFm77eQZFJVUHj4gqPdOBQ7jiXmh9O06T9Ao=
Content-Length: 1015

< HTTP/1.1 201 Created
< v-c-merchant-id: cbq_510000669_test
< v-c-session-id: 748f261f-dbfd-4bc4-aa0a-22ba24f77afa
< content-type: application/jwt
< cache-control: no-store
< pragma: no-cache
< content-length: 5818
< x-envoy-upstream-service-time: 25
< date: Wed, 08 Oct 2025 11:49:14 GMT
< server: istio-envoy
< Connection: keep-alive
< Strict-Transport-Security: max-age=31536000
< v-c-correlation-id: 3d6a79ae-aa52-473f-8a7b-5ba0308e3b62
< X-OPNET-Transaction-Trace: 255df1e0-83d6-4275-89d7-91f2b2cc0c4e-1210023-26250477
< 
* Connection #0 to host apitest.cybersource.com left intact
*   Trying 66.185.182.49:443...
* Connected to apitest.cybersource.com (66.185.182.49) port 443
* ALPN: curl offers h2,http/1.1
*  CAfile: D:\xampp\htdocs\ahmed-admin-qa\vendor\cybersource\rest-client-php\lib\ssl/cacert.pem
*  CApath: none
* SSL connection using TLSv1.2 / ECDHE-RSA-AES256-GCM-SHA384
* ALPN: server did not agree on a protocol. Uses default.
* Server certificate:
*  subject: jurisdictionC=US; jurisdictionST=Delaware; businessCategory=Private Organization; serialNumber=802339; C=US; ST=California; L=Foster City; O=Visa International Service Association; CN=apitest.cybersource.com
*  start date: Jul  7 00:00:00 2025 GMT
*  expire date: Jul  6 23:59:59 2026 GMT
*  subjectAltName: host "apitest.cybersource.com" matched cert's "apitest.cybersource.com"
*  issuer: C=US; O=DigiCert Inc; CN=DigiCert EV RSA CA G2
*  SSL certificate verify ok.
* using HTTP/1.x
> POST /up/v1/capture-contexts HTTP/1.1
Host: apitest.cybersource.com
User-Agent: Swagger-Codegen/1.0.0/php
Accept:  application/jwt
Content-Type:  application/json
v-c-merchant-id: cbq_510000669_test
Signature: keyid="7e6fe91b-5753-48c5-a9c1-d403695ffa1b", algorithm="HmacSHA256", headers="host date request-target digest v-c-merchant-id", signature="mLmCtDdiapEC9glGPU+z/WNRE99+Yd3a25XedLflwyU="
Date: Wed, 08 Oct 2025 15:49:55 GMT
v-c-client-id: cybs-rest-sdk-php-0.0.65
Digest:  SHA-256=tuqZLdx8jvuVoVWKKNzwBStlKCyXtNFO5Eri+Q55xz0=
Content-Length: 1015

< HTTP/1.1 201 Created
< v-c-merchant-id: cbq_510000669_test
< v-c-session-id: a7421b60-d442-4e85-8ab4-4240fdc55fb2
< content-type: application/jwt
< cache-control: no-store
< pragma: no-cache
< content-length: 5818
< x-envoy-upstream-service-time: 35
< date: Wed, 08 Oct 2025 11:49:57 GMT
< server: istio-envoy
< Connection: keep-alive
< Strict-Transport-Security: max-age=31536000
< v-c-correlation-id: 6e46effc-d672-4e45-99ee-26795f04149a
< X-OPNET-Transaction-Trace: 255df1e0-83d6-4275-89d7-91f2b2cc0c4e-1210023-26251221
< 
* Connection #0 to host apitest.cybersource.com left intact
*   Trying 66.185.182.49:443...
* Connected to apitest.cybersource.com (66.185.182.49) port 443
* ALPN: curl offers h2,http/1.1
*  CAfile: D:\xampp\htdocs\ahmed-admin-qa\vendor\cybersource\rest-client-php\lib\ssl/cacert.pem
*  CApath: none
* SSL connection using TLSv1.2 / ECDHE-RSA-AES256-GCM-SHA384
* ALPN: server did not agree on a protocol. Uses default.
* Server certificate:
*  subject: jurisdictionC=US; jurisdictionST=Delaware; businessCategory=Private Organization; serialNumber=802339; C=US; ST=California; L=Foster City; O=Visa International Service Association; CN=apitest.cybersource.com
*  start date: Jul  7 00:00:00 2025 GMT
*  expire date: Jul  6 23:59:59 2026 GMT
*  subjectAltName: host "apitest.cybersource.com" matched cert's "apitest.cybersource.com"
*  issuer: C=US; O=DigiCert Inc; CN=DigiCert EV RSA CA G2
*  SSL certificate verify ok.
* using HTTP/1.x
> POST /up/v1/capture-contexts HTTP/1.1
Host: apitest.cybersource.com
User-Agent: Swagger-Codegen/1.0.0/php
Accept:  application/jwt
Content-Type:  application/json
v-c-merchant-id: cbq_510000669_test
Signature: keyid="7e6fe91b-5753-48c5-a9c1-d403695ffa1b", algorithm="HmacSHA256", headers="host date request-target digest v-c-merchant-id", signature="duYHXT1TqK0I6wDnQdCYk67hDzNq/vgpPIqyPLl4LxM="
Date: Wed, 08 Oct 2025 15:51:10 GMT
v-c-client-id: cybs-rest-sdk-php-0.0.65
Digest:  SHA-256=V7IqW8hJFm77eQZFJVUHj4gqPdOBQ7jiXmh9O06T9Ao=
Content-Length: 1015

< HTTP/1.1 201 Created
< v-c-merchant-id: cbq_510000669_test
< v-c-session-id: 1e949e42-b770-4fe2-a620-c048db2d5198
< content-type: application/jwt
< cache-control: no-store
< pragma: no-cache
< content-length: 5818
< x-envoy-upstream-service-time: 31
< date: Wed, 08 Oct 2025 11:51:11 GMT
< server: istio-envoy
< Connection: keep-alive
< Strict-Transport-Security: max-age=31536000
< v-c-correlation-id: cdf4190c-beec-44cd-8339-066a2b706714
< X-OPNET-Transaction-Trace: 5f3257e4-1d41-4a51-848f-80f132d6b33e-1180516-26236046
< 
* Connection #0 to host apitest.cybersource.com left intact
*   Trying 66.185.182.49:443...
* Connected to apitest.cybersource.com (66.185.182.49) port 443
* ALPN: curl offers h2,http/1.1
*  CAfile: D:\xampp\htdocs\ahmed-admin-qa\vendor\cybersource\rest-client-php\lib\ssl/cacert.pem
*  CApath: none
* SSL connection using TLSv1.2 / ECDHE-RSA-AES256-GCM-SHA384
* ALPN: server did not agree on a protocol. Uses default.
* Server certificate:
*  subject: jurisdictionC=US; jurisdictionST=Delaware; businessCategory=Private Organization; serialNumber=802339; C=US; ST=California; L=Foster City; O=Visa International Service Association; CN=apitest.cybersource.com
*  start date: Jul  7 00:00:00 2025 GMT
*  expire date: Jul  6 23:59:59 2026 GMT
*  subjectAltName: host "apitest.cybersource.com" matched cert's "apitest.cybersource.com"
*  issuer: C=US; O=DigiCert Inc; CN=DigiCert EV RSA CA G2
*  SSL certificate verify ok.
* using HTTP/1.x
> POST /up/v1/capture-contexts HTTP/1.1
Host: apitest.cybersource.com
User-Agent: Swagger-Codegen/1.0.0/php
Accept:  application/jwt
Content-Type:  application/json
v-c-merchant-id: cbq_510000669_test
Signature: keyid="7e6fe91b-5753-48c5-a9c1-d403695ffa1b", algorithm="HmacSHA256", headers="host date request-target digest v-c-merchant-id", signature="AC+G7CvdG/XZ0FyqfFLd6Csz4gyNTcU87oEZDHcNXL8="
Date: Wed, 08 Oct 2025 15:51:52 GMT
v-c-client-id: cybs-rest-sdk-php-0.0.65
Digest:  SHA-256=tuqZLdx8jvuVoVWKKNzwBStlKCyXtNFO5Eri+Q55xz0=
Content-Length: 1015

< HTTP/1.1 201 Created
< v-c-merchant-id: cbq_510000669_test
< v-c-session-id: 01a77cfa-758e-4402-af33-75d0d3f730ee
< content-type: application/jwt
< cache-control: no-store
< pragma: no-cache
< content-length: 5818
< x-envoy-upstream-service-time: 24
< date: Wed, 08 Oct 2025 11:51:53 GMT
< server: istio-envoy
< Connection: keep-alive
< Strict-Transport-Security: max-age=31536000
< v-c-correlation-id: f7bf988f-d866-4ec1-9682-791e8a62b89b
< X-OPNET-Transaction-Trace: 934de25f-e7ea-4bd1-be1c-02ab3dbc7a6b-1228642-26298349
< 
* Connection #0 to host apitest.cybersource.com left intact
*   Trying 66.185.182.49:443...
* Connected to apitest.cybersource.com (66.185.182.49) port 443
* ALPN: curl offers h2,http/1.1
*  CAfile: D:\xampp\htdocs\ahmed-admin-qa\vendor\cybersource\rest-client-php\lib\ssl/cacert.pem
*  CApath: none
* SSL connection using TLSv1.2 / ECDHE-RSA-AES256-GCM-SHA384
* ALPN: server did not agree on a protocol. Uses default.
* Server certificate:
*  subject: jurisdictionC=US; jurisdictionST=Delaware; businessCategory=Private Organization; serialNumber=802339; C=US; ST=California; L=Foster City; O=Visa International Service Association; CN=apitest.cybersource.com
*  start date: Jul  7 00:00:00 2025 GMT
*  expire date: Jul  6 23:59:59 2026 GMT
*  subjectAltName: host "apitest.cybersource.com" matched cert's "apitest.cybersource.com"
*  issuer: C=US; O=DigiCert Inc; CN=DigiCert EV RSA CA G2
*  SSL certificate verify ok.
* using HTTP/1.x
> POST /up/v1/capture-contexts HTTP/1.1
Host: apitest.cybersource.com
User-Agent: Swagger-Codegen/1.0.0/php
Accept:  application/jwt
Content-Type:  application/json
v-c-merchant-id: cbq_510000669_test
Signature: keyid="7e6fe91b-5753-48c5-a9c1-d403695ffa1b", algorithm="HmacSHA256", headers="host date request-target digest v-c-merchant-id", signature="hNpTYQ5OLNeUtbedNk9tW84h60sFv6+KFRApiZfF8m0="
Date: Wed, 08 Oct 2025 15:52:49 GMT
v-c-client-id: cybs-rest-sdk-php-0.0.65
Digest:  SHA-256=V7IqW8hJFm77eQZFJVUHj4gqPdOBQ7jiXmh9O06T9Ao=
Content-Length: 1015

< HTTP/1.1 201 Created
< v-c-merchant-id: cbq_510000669_test
< v-c-session-id: 77969daa-1c38-4090-b81a-d83e0560db80
< content-type: application/jwt
< cache-control: no-store
< pragma: no-cache
< content-length: 5818
< x-envoy-upstream-service-time: 24
< date: Wed, 08 Oct 2025 11:52:51 GMT
< server: istio-envoy
< Connection: keep-alive
< Strict-Transport-Security: max-age=31536000
< v-c-correlation-id: 66fb5f3d-3462-4f01-9922-22bbd42d4daa
< X-OPNET-Transaction-Trace: 5f3257e4-1d41-4a51-848f-80f132d6b33e-1180516-26237229
< 
* Connection #0 to host apitest.cybersource.com left intact
*   Trying 66.185.182.49:443...
* Connected to apitest.cybersource.com (66.185.182.49) port 443
* ALPN: curl offers h2,http/1.1
*  CAfile: D:\xampp\htdocs\ahmed-admin-qa\vendor\cybersource\rest-client-php\lib\ssl/cacert.pem
*  CApath: none
* SSL connection using TLSv1.2 / ECDHE-RSA-AES256-GCM-SHA384
* ALPN: server did not agree on a protocol. Uses default.
* Server certificate:
*  subject: jurisdictionC=US; jurisdictionST=Delaware; businessCategory=Private Organization; serialNumber=802339; C=US; ST=California; L=Foster City; O=Visa International Service Association; CN=apitest.cybersource.com
*  start date: Jul  7 00:00:00 2025 GMT
*  expire date: Jul  6 23:59:59 2026 GMT
*  subjectAltName: host "apitest.cybersource.com" matched cert's "apitest.cybersource.com"
*  issuer: C=US; O=DigiCert Inc; CN=DigiCert EV RSA CA G2
*  SSL certificate verify ok.
* using HTTP/1.x
> POST /up/v1/capture-contexts HTTP/1.1
Host: apitest.cybersource.com
User-Agent: Swagger-Codegen/1.0.0/php
Accept:  application/jwt
Content-Type:  application/json
v-c-merchant-id: cbq_510000669_test
Signature: keyid="7e6fe91b-5753-48c5-a9c1-d403695ffa1b", algorithm="HmacSHA256", headers="host date request-target digest v-c-merchant-id", signature="0C1d+2eC1PWBj5CC1KnIExyDMBznci/iJn27DaKD0S8="
Date: Wed, 08 Oct 2025 16:34:34 GMT
v-c-client-id: cybs-rest-sdk-php-0.0.65
Digest:  SHA-256=tuqZLdx8jvuVoVWKKNzwBStlKCyXtNFO5Eri+Q55xz0=
Content-Length: 1015

< HTTP/1.1 201 Created
< v-c-merchant-id: cbq_510000669_test
< v-c-session-id: 52d030f3-169c-44af-81eb-4c2fb54db715
< content-type: application/jwt
< cache-control: no-store
< pragma: no-cache
< content-length: 5818
< x-envoy-upstream-service-time: 25
< date: Wed, 08 Oct 2025 12:34:35 GMT
< server: istio-envoy
< Connection: keep-alive
< Strict-Transport-Security: max-age=31536000
< v-c-correlation-id: 8384e67e-535c-4165-8bdb-a1a535b812b8
< X-OPNET-Transaction-Trace: 934de25f-e7ea-4bd1-be1c-02ab3dbc7a6b-1228642-26331682
< 
* Connection #0 to host apitest.cybersource.com left intact
*   Trying 66.185.182.49:443...
* Connected to apitest.cybersource.com (66.185.182.49) port 443
* ALPN: curl offers h2,http/1.1
*  CAfile: D:\xampp\htdocs\ahmed-admin-qa\vendor\cybersource\rest-client-php\lib\ssl/cacert.pem
*  CApath: none
* SSL connection using TLSv1.2 / ECDHE-RSA-AES256-GCM-SHA384
* ALPN: server did not agree on a protocol. Uses default.
* Server certificate:
*  subject: jurisdictionC=US; jurisdictionST=Delaware; businessCategory=Private Organization; serialNumber=802339; C=US; ST=California; L=Foster City; O=Visa International Service Association; CN=apitest.cybersource.com
*  start date: Jul  7 00:00:00 2025 GMT
*  expire date: Jul  6 23:59:59 2026 GMT
*  subjectAltName: host "apitest.cybersource.com" matched cert's "apitest.cybersource.com"
*  issuer: C=US; O=DigiCert Inc; CN=DigiCert EV RSA CA G2
*  SSL certificate verify ok.
* using HTTP/1.x
> POST /up/v1/capture-contexts HTTP/1.1
Host: apitest.cybersource.com
User-Agent: Swagger-Codegen/1.0.0/php
Accept:  application/jwt
Content-Type:  application/json
v-c-merchant-id: cbq_510000669_test
Signature: keyid="7e6fe91b-5753-48c5-a9c1-d403695ffa1b", algorithm="HmacSHA256", headers="host date request-target digest v-c-merchant-id", signature="6+nXu+llV6ojGPCe6JHnmN+ccCXgJcooi6Qt/F4T5k8="
Date: Wed, 08 Oct 2025 16:36:31 GMT
v-c-client-id: cybs-rest-sdk-php-0.0.65
Digest:  SHA-256=V7IqW8hJFm77eQZFJVUHj4gqPdOBQ7jiXmh9O06T9Ao=
Content-Length: 1015

< HTTP/1.1 201 Created
< v-c-merchant-id: cbq_510000669_test
< v-c-session-id: 87420e86-3927-49c7-a34f-9871b0968118
< content-type: application/jwt
< cache-control: no-store
< pragma: no-cache
< content-length: 5818
< x-envoy-upstream-service-time: 27
< date: Wed, 08 Oct 2025 12:36:33 GMT
< server: istio-envoy
< Connection: keep-alive
< Strict-Transport-Security: max-age=31536000
< v-c-correlation-id: 9dccd1ee-ef3e-4b1c-8cd7-926a80b6763e
< X-OPNET-Transaction-Trace: 255df1e0-83d6-4275-89d7-91f2b2cc0c4e-1210023-26288547
< 
* Connection #0 to host apitest.cybersource.com left intact
*   Trying 66.185.182.49:443...
* Connected to apitest.cybersource.com (66.185.182.49) port 443
* ALPN: curl offers h2,http/1.1
*  CAfile: D:\xampp\htdocs\ahmed-admin-qa\vendor\cybersource\rest-client-php\lib\ssl/cacert.pem
*  CApath: none
* SSL connection using TLSv1.2 / ECDHE-RSA-AES256-GCM-SHA384
* ALPN: server did not agree on a protocol. Uses default.
* Server certificate:
*  subject: jurisdictionC=US; jurisdictionST=Delaware; businessCategory=Private Organization; serialNumber=802339; C=US; ST=California; L=Foster City; O=Visa International Service Association; CN=apitest.cybersource.com
*  start date: Jul  7 00:00:00 2025 GMT
*  expire date: Jul  6 23:59:59 2026 GMT
*  subjectAltName: host "apitest.cybersource.com" matched cert's "apitest.cybersource.com"
*  issuer: C=US; O=DigiCert Inc; CN=DigiCert EV RSA CA G2
*  SSL certificate verify ok.
* using HTTP/1.x
> GET /tss/v2/transactions/7599272096256155704514 HTTP/1.1
Host: apitest.cybersource.com
User-Agent: Swagger-Codegen/1.0.0/php
Accept:  application/hal+json;charset=utf-8
Content-Type:  application/json
v-c-merchant-id: cbq_510000669_test
Signature: keyid="7e6fe91b-5753-48c5-a9c1-d403695ffa1b", algorithm="HmacSHA256", headers="host date request-target v-c-merchant-id", signature="WB/FYBVmcvlyvjBOOpxv0rvvosZe4TXZov1nonUzMDs="
Date: Wed, 08 Oct 2025 16:40:10 GMT
v-c-client-id: cybs-rest-sdk-php-0.0.65

< HTTP/1.1 404 
< X-OPNET-Transaction-Trace: a2_f74267a7-3c7a-4662-9d71-711f3b1c3063-2729130-2583923
< ETag: "-1968439503"
< Last-Modified: Thu, 01 Jan 1970 00:00:00 GMT
< X-XSS-Protection: 1
< X-Content-Type-Options: nosniff
< Content-Security-Policy: default-src 'none'; script-src 'self'; connect-src 'self'; img-src 'self'; style-src 'self';
< Strict-Transport-Security: max-age=31536000; includeSubDomains
< Pragma: no-cache
< Expires: -1
< Cache-Control: no-cache, no-store, max-age=0
< Vary: Accept-Encoding
< Content-Type: application/hal+json;charset=utf-8
< Content-Length: 223
< Date: Wed, 08 Oct 2025 12:40:11 GMT
< Connection: keep-alive
< v-c-correlation-id: 810890a0-9cef-46a4-bcba-521901602d48
< 
* Connection #0 to host apitest.cybersource.com left intact
*   Trying 66.185.182.49:443...
* Connected to apitest.cybersource.com (66.185.182.49) port 443
* ALPN: curl offers h2,http/1.1
*  CAfile: D:\xampp\htdocs\ahmed-admin-qa\vendor\cybersource\rest-client-php\lib\ssl/cacert.pem
*  CApath: none
* SSL connection using TLSv1.2 / ECDHE-RSA-AES256-GCM-SHA384
* ALPN: server did not agree on a protocol. Uses default.
* Server certificate:
*  subject: jurisdictionC=US; jurisdictionST=Delaware; businessCategory=Private Organization; serialNumber=802339; C=US; ST=California; L=Foster City; O=Visa International Service Association; CN=apitest.cybersource.com
*  start date: Jul  7 00:00:00 2025 GMT
*  expire date: Jul  6 23:59:59 2026 GMT
*  subjectAltName: host "apitest.cybersource.com" matched cert's "apitest.cybersource.com"
*  issuer: C=US; O=DigiCert Inc; CN=DigiCert EV RSA CA G2
*  SSL certificate verify ok.
* using HTTP/1.x
> GET /tss/v2/transactions/7599272903246165804505 HTTP/1.1
Host: apitest.cybersource.com
User-Agent: Swagger-Codegen/1.0.0/php
Accept:  application/hal+json;charset=utf-8
Content-Type:  application/json
v-c-merchant-id: cbq_510000669_test
Signature: keyid="7e6fe91b-5753-48c5-a9c1-d403695ffa1b", algorithm="HmacSHA256", headers="host date request-target v-c-merchant-id", signature="jqQnJ0hA0N0rHzY/UgygL/wWukGUxb0yZCH2iActZ5o="
Date: Wed, 08 Oct 2025 16:41:30 GMT
v-c-client-id: cybs-rest-sdk-php-0.0.65

< HTTP/1.1 404 
< X-OPNET-Transaction-Trace: a2_0c03822e-5602-4c7d-878f-3ce4c17637de-2773082-2597847
< ETag: "1256088703"
< Last-Modified: Thu, 01 Jan 1970 00:00:00 GMT
< X-XSS-Protection: 1
< X-Content-Type-Options: nosniff
< Content-Security-Policy: default-src 'none'; script-src 'self'; connect-src 'self'; img-src 'self'; style-src 'self';
< Strict-Transport-Security: max-age=31536000; includeSubDomains
< Pragma: no-cache
< Cache-Control: no-cache, no-store, max-age=0
< Expires: -1
< Vary: Accept-Encoding
< Content-Type: application/hal+json;charset=utf-8
< Content-Length: 223
< Date: Wed, 08 Oct 2025 12:41:32 GMT
< Connection: keep-alive
< v-c-correlation-id: 008fd99e-f05b-4c4a-9d70-d92aaf654590
< 
* Connection #0 to host apitest.cybersource.com left intact
*   Trying 66.185.182.49:443...
* Connected to apitest.cybersource.com (66.185.182.49) port 443
* ALPN: curl offers h2,http/1.1
*  CAfile: D:\xampp\htdocs\ahmed-admin-qa\vendor\cybersource\rest-client-php\lib\ssl/cacert.pem
*  CApath: none
* SSL connection using TLSv1.2 / ECDHE-RSA-AES256-GCM-SHA384
* ALPN: server did not agree on a protocol. Uses default.
* Server certificate:
*  subject: jurisdictionC=US; jurisdictionST=Delaware; businessCategory=Private Organization; serialNumber=802339; C=US; ST=California; L=Foster City; O=Visa International Service Association; CN=apitest.cybersource.com
*  start date: Jul  7 00:00:00 2025 GMT
*  expire date: Jul  6 23:59:59 2026 GMT
*  subjectAltName: host "apitest.cybersource.com" matched cert's "apitest.cybersource.com"
*  issuer: C=US; O=DigiCert Inc; CN=DigiCert EV RSA CA G2
*  SSL certificate verify ok.
* using HTTP/1.x
> GET /tss/v2/transactions/7599274950156157604514 HTTP/1.1
Host: apitest.cybersource.com
User-Agent: Swagger-Codegen/1.0.0/php
Accept:  application/hal+json;charset=utf-8
Content-Type:  application/json
v-c-merchant-id: cbq_510000669_test
Signature: keyid="7e6fe91b-5753-48c5-a9c1-d403695ffa1b", algorithm="HmacSHA256", headers="host date request-target v-c-merchant-id", signature="dlA7fCdj4RXMGqXh/nsrRnVFAahge0T3jlcKyUbFW+8="
Date: Wed, 08 Oct 2025 16:44:55 GMT
v-c-client-id: cybs-rest-sdk-php-0.0.65

< HTTP/1.1 404 
< X-OPNET-Transaction-Trace: a2_0c03822e-5602-4c7d-878f-3ce4c17637de-2773082-2598640
< ETag: "310224378"
< Last-Modified: Thu, 01 Jan 1970 00:00:00 GMT
< X-XSS-Protection: 1
< X-Content-Type-Options: nosniff
< Content-Security-Policy: default-src 'none'; script-src 'self'; connect-src 'self'; img-src 'self'; style-src 'self';
< Strict-Transport-Security: max-age=31536000; includeSubDomains
< Pragma: no-cache
< Cache-Control: no-cache, no-store, max-age=0
< Expires: -1
< Vary: Accept-Encoding
< Content-Type: application/hal+json;charset=utf-8
< Content-Length: 223
< Date: Wed, 08 Oct 2025 12:44:57 GMT
< Connection: keep-alive
< v-c-correlation-id: 0511e226-3299-47f9-8b54-8bc7cef9159e
< 
* Connection #0 to host apitest.cybersource.com left intact
*   Trying 66.185.182.49:443...
* Connected to apitest.cybersource.com (66.185.182.49) port 443
* ALPN: curl offers h2,http/1.1
*  CAfile: D:\xampp\htdocs\ahmed-admin-qa\vendor\cybersource\rest-client-php\lib\ssl/cacert.pem
*  CApath: none
* SSL connection using TLSv1.2 / ECDHE-RSA-AES256-GCM-SHA384
* ALPN: server did not agree on a protocol. Uses default.
* Server certificate:
*  subject: jurisdictionC=US; jurisdictionST=Delaware; businessCategory=Private Organization; serialNumber=802339; C=US; ST=California; L=Foster City; O=Visa International Service Association; CN=apitest.cybersource.com
*  start date: Jul  7 00:00:00 2025 GMT
*  expire date: Jul  6 23:59:59 2026 GMT
*  subjectAltName: host "apitest.cybersource.com" matched cert's "apitest.cybersource.com"
*  issuer: C=US; O=DigiCert Inc; CN=DigiCert EV RSA CA G2
*  SSL certificate verify ok.
* using HTTP/1.x
> GET /tss/v2/transactions/7599274950156157604514 HTTP/1.1
Host: apitest.cybersource.com
User-Agent: Swagger-Codegen/1.0.0/php
Accept:  application/hal+json;charset=utf-8
Content-Type:  application/json
v-c-merchant-id: cbq_510000669_test
Signature: keyid="7e6fe91b-5753-48c5-a9c1-d403695ffa1b", algorithm="HmacSHA256", headers="host date request-target v-c-merchant-id", signature="DlPMcERR0E8vt1Kikpy0PyW6STfiK2I+zWBlVlPRf04="
Date: Wed, 08 Oct 2025 16:46:32 GMT
v-c-client-id: cybs-rest-sdk-php-0.0.65

< HTTP/1.1 200 
< X-OPNET-Transaction-Trace: a2_f74267a7-3c7a-4662-9d71-711f3b1c3063-2729130-2585591
< ETag: "-1564779556"
< Last-Modified: Thu, 01 Jan 1970 00:00:00 GMT
< X-XSS-Protection: 1
< X-Content-Type-Options: nosniff
< Content-Security-Policy: default-src 'none'; script-src 'self'; connect-src 'self'; img-src 'self'; style-src 'self';
< Strict-Transport-Security: max-age=31536000; includeSubDomains
< Pragma: no-cache
< Expires: -1
< Cache-Control: no-cache, no-store, max-age=0
< Vary: Accept-Encoding
< Content-Type: application/hal+json;charset=utf-8
< Content-Length: 3900
< Date: Wed, 08 Oct 2025 12:46:33 GMT
< Connection: keep-alive
< v-c-correlation-id: 7a3ef502-fafe-498c-b63c-f2aa090f118a
< 
* Connection #0 to host apitest.cybersource.com left intact
*   Trying 66.185.182.49:443...
* Connected to apitest.cybersource.com (66.185.182.49) port 443
* ALPN: curl offers h2,http/1.1
*  CAfile: D:\xampp\htdocs\ahmed-admin-qa\vendor\cybersource\rest-client-php\lib\ssl/cacert.pem
*  CApath: none
* SSL connection using TLSv1.2 / ECDHE-RSA-AES256-GCM-SHA384
* ALPN: server did not agree on a protocol. Uses default.
* Server certificate:
*  subject: jurisdictionC=US; jurisdictionST=Delaware; businessCategory=Private Organization; serialNumber=802339; C=US; ST=California; L=Foster City; O=Visa International Service Association; CN=apitest.cybersource.com
*  start date: Jul  7 00:00:00 2025 GMT
*  expire date: Jul  6 23:59:59 2026 GMT
*  subjectAltName: host "apitest.cybersource.com" matched cert's "apitest.cybersource.com"
*  issuer: C=US; O=DigiCert Inc; CN=DigiCert EV RSA CA G2
*  SSL certificate verify ok.
* using HTTP/1.x
> POST /up/v1/capture-contexts HTTP/1.1
Host: apitest.cybersource.com
User-Agent: Swagger-Codegen/1.0.0/php
Accept:  application/jwt
Content-Type:  application/json
v-c-merchant-id: cbq_510000669_test
Signature: keyid="7e6fe91b-5753-48c5-a9c1-d403695ffa1b", algorithm="HmacSHA256", headers="host date request-target digest v-c-merchant-id", signature="J/dsG8haHqCvZ1bkXdTHTeJmuzazH+F/+tQR+63Ekgw="
Date: Wed, 08 Oct 2025 16:52:48 GMT
v-c-client-id: cybs-rest-sdk-php-0.0.65
Digest:  SHA-256=k40/5hJfxN343UfNptXtvGqspUZggQsxXGHqw3f5qSU=
Content-Length: 1047

< HTTP/1.1 201 Created
< v-c-merchant-id: cbq_510000669_test
< v-c-session-id: a2b96c99-82ed-4278-b232-1146060f9fb5
< content-type: application/jwt
< cache-control: no-store
< pragma: no-cache
< content-length: 5861
< x-envoy-upstream-service-time: 21
< date: Wed, 08 Oct 2025 12:52:49 GMT
< server: istio-envoy
< Connection: keep-alive
< Strict-Transport-Security: max-age=31536000
< v-c-correlation-id: adb88340-240c-44be-ab3e-c16e6efdb57c
< X-OPNET-Transaction-Trace: 255df1e0-83d6-4275-89d7-91f2b2cc0c4e-1210023-26300216
< 
* Connection #0 to host apitest.cybersource.com left intact
*   Trying 66.185.182.49:443...
* Connected to apitest.cybersource.com (66.185.182.49) port 443
* ALPN: curl offers h2,http/1.1
*  CAfile: D:\xampp\htdocs\ahmed-admin-qa\vendor\cybersource\rest-client-php\lib\ssl/cacert.pem
*  CApath: none
* SSL connection using TLSv1.2 / ECDHE-RSA-AES256-GCM-SHA384
* ALPN: server did not agree on a protocol. Uses default.
* Server certificate:
*  subject: jurisdictionC=US; jurisdictionST=Delaware; businessCategory=Private Organization; serialNumber=802339; C=US; ST=California; L=Foster City; O=Visa International Service Association; CN=apitest.cybersource.com
*  start date: Jul  7 00:00:00 2025 GMT
*  expire date: Jul  6 23:59:59 2026 GMT
*  subjectAltName: host "apitest.cybersource.com" matched cert's "apitest.cybersource.com"
*  issuer: C=US; O=DigiCert Inc; CN=DigiCert EV RSA CA G2
*  SSL certificate verify ok.
* using HTTP/1.x
> POST /up/v1/capture-contexts HTTP/1.1
Host: apitest.cybersource.com
User-Agent: Swagger-Codegen/1.0.0/php
Accept:  application/jwt
Content-Type:  application/json
v-c-merchant-id: cbq_510000669_test
Signature: keyid="7e6fe91b-5753-48c5-a9c1-d403695ffa1b", algorithm="HmacSHA256", headers="host date request-target digest v-c-merchant-id", signature="HCTQFlF4rvinRLlZYDzf67ipCPbcVyNN76SlbHYXnRU="
Date: Wed, 08 Oct 2025 16:54:16 GMT
v-c-client-id: cybs-rest-sdk-php-0.0.65
Digest:  SHA-256=k40/5hJfxN343UfNptXtvGqspUZggQsxXGHqw3f5qSU=
Content-Length: 1047

< HTTP/1.1 201 Created
< v-c-merchant-id: cbq_510000669_test
< v-c-session-id: 5f83e783-de3d-4407-b6ab-81786fc59d22
< content-type: application/jwt
< cache-control: no-store
< pragma: no-cache
< content-length: 5861
< x-envoy-upstream-service-time: 27
< date: Wed, 08 Oct 2025 12:54:17 GMT
< server: istio-envoy
< Connection: keep-alive
< Strict-Transport-Security: max-age=31536000
< v-c-correlation-id: 662cbbd6-5737-4a67-a909-be4b67e6c77f
< X-OPNET-Transaction-Trace: 5f3257e4-1d41-4a51-848f-80f132d6b33e-1180516-26284505
< 
* Connection #0 to host apitest.cybersource.com left intact
*   Trying 66.185.182.49:443...
* Connected to apitest.cybersource.com (66.185.182.49) port 443
* ALPN: curl offers h2,http/1.1
*  CAfile: D:\xampp\htdocs\ahmed-admin-qa\vendor\cybersource\rest-client-php\lib\ssl/cacert.pem
*  CApath: none
* SSL connection using TLSv1.2 / ECDHE-RSA-AES256-GCM-SHA384
* ALPN: server did not agree on a protocol. Uses default.
* Server certificate:
*  subject: jurisdictionC=US; jurisdictionST=Delaware; businessCategory=Private Organization; serialNumber=802339; C=US; ST=California; L=Foster City; O=Visa International Service Association; CN=apitest.cybersource.com
*  start date: Jul  7 00:00:00 2025 GMT
*  expire date: Jul  6 23:59:59 2026 GMT
*  subjectAltName: host "apitest.cybersource.com" matched cert's "apitest.cybersource.com"
*  issuer: C=US; O=DigiCert Inc; CN=DigiCert EV RSA CA G2
*  SSL certificate verify ok.
* using HTTP/1.x
> POST /up/v1/capture-contexts HTTP/1.1
Host: apitest.cybersource.com
User-Agent: Swagger-Codegen/1.0.0/php
Accept:  application/jwt
Content-Type:  application/json
v-c-merchant-id: cbq_510000669_test
Signature: keyid="7e6fe91b-5753-48c5-a9c1-d403695ffa1b", algorithm="HmacSHA256", headers="host date request-target digest v-c-merchant-id", signature="4lxDZ5RFx5jwE80qkwxm8AW5FxXGfhmNFwOoimP03nE="
Date: Wed, 08 Oct 2025 16:56:13 GMT
v-c-client-id: cybs-rest-sdk-php-0.0.65
Digest:  SHA-256=SyAIoEevwAGnlK/0MUf5xncF0wiRIbgO6ExJC8blbPw=
Content-Length: 1047

< HTTP/1.1 201 Created
< v-c-merchant-id: cbq_510000669_test
< v-c-session-id: f27ea08a-d918-4346-86d8-5f939829865f
< content-type: application/jwt
< cache-control: no-store
< pragma: no-cache
< content-length: 5861
< x-envoy-upstream-service-time: 22
< date: Wed, 08 Oct 2025 12:56:14 GMT
< server: istio-envoy
< Connection: keep-alive
< Strict-Transport-Security: max-age=31536000
< v-c-correlation-id: 43d24812-956d-4f7a-966f-80a0b90e48f9
< X-OPNET-Transaction-Trace: 255df1e0-83d6-4275-89d7-91f2b2cc0c4e-1210023-26302325
< 
* Connection #0 to host apitest.cybersource.com left intact
*   Trying 66.185.182.49:443...
* Connected to apitest.cybersource.com (66.185.182.49) port 443
* ALPN: curl offers h2,http/1.1
*  CAfile: D:\xampp\htdocs\ahmed-admin-qa\vendor\cybersource\rest-client-php\lib\ssl/cacert.pem
*  CApath: none
* SSL connection using TLSv1.2 / ECDHE-RSA-AES256-GCM-SHA384
* ALPN: server did not agree on a protocol. Uses default.
* Server certificate:
*  subject: jurisdictionC=US; jurisdictionST=Delaware; businessCategory=Private Organization; serialNumber=802339; C=US; ST=California; L=Foster City; O=Visa International Service Association; CN=apitest.cybersource.com
*  start date: Jul  7 00:00:00 2025 GMT
*  expire date: Jul  6 23:59:59 2026 GMT
*  subjectAltName: host "apitest.cybersource.com" matched cert's "apitest.cybersource.com"
*  issuer: C=US; O=DigiCert Inc; CN=DigiCert EV RSA CA G2
*  SSL certificate verify ok.
* using HTTP/1.x
> POST /up/v1/capture-contexts HTTP/1.1
Host: apitest.cybersource.com
User-Agent: Swagger-Codegen/1.0.0/php
Accept:  application/jwt
Content-Type:  application/json
v-c-merchant-id: cbq_510000669_test
Signature: keyid="7e6fe91b-5753-48c5-a9c1-d403695ffa1b", algorithm="HmacSHA256", headers="host date request-target digest v-c-merchant-id", signature="ikaeZlyE6gPdWimUMQHdqBSFxHnyyRWjAPgcItqvxwY="
Date: Wed, 08 Oct 2025 16:57:50 GMT
v-c-client-id: cybs-rest-sdk-php-0.0.65
Digest:  SHA-256=SyAIoEevwAGnlK/0MUf5xncF0wiRIbgO6ExJC8blbPw=
Content-Length: 1047

< HTTP/1.1 201 Created
< v-c-merchant-id: cbq_510000669_test
< v-c-session-id: a851b3d1-2c14-48a9-99c6-9746545fabcd
< content-type: application/jwt
< cache-control: no-store
< pragma: no-cache
< content-length: 5861
< x-envoy-upstream-service-time: 22
< date: Wed, 08 Oct 2025 12:57:51 GMT
< server: istio-envoy
< Connection: keep-alive
< Strict-Transport-Security: max-age=31536000
< v-c-correlation-id: 6fa23918-c73d-45b2-832d-a17d0ff0be9a
< X-OPNET-Transaction-Trace: 255df1e0-83d6-4275-89d7-91f2b2cc0c4e-1210023-26303185
< 
* Connection #0 to host apitest.cybersource.com left intact
*   Trying 66.185.182.49:443...
* Connected to apitest.cybersource.com (66.185.182.49) port 443
* ALPN: curl offers h2,http/1.1
*  CAfile: D:\xampp\htdocs\ahmed-admin-qa\vendor\cybersource\rest-client-php\lib\ssl/cacert.pem
*  CApath: none
* SSL connection using TLSv1.2 / ECDHE-RSA-AES256-GCM-SHA384
* ALPN: server did not agree on a protocol. Uses default.
* Server certificate:
*  subject: jurisdictionC=US; jurisdictionST=Delaware; businessCategory=Private Organization; serialNumber=802339; C=US; ST=California; L=Foster City; O=Visa International Service Association; CN=apitest.cybersource.com
*  start date: Jul  7 00:00:00 2025 GMT
*  expire date: Jul  6 23:59:59 2026 GMT
*  subjectAltName: host "apitest.cybersource.com" matched cert's "apitest.cybersource.com"
*  issuer: C=US; O=DigiCert Inc; CN=DigiCert EV RSA CA G2
*  SSL certificate verify ok.
* using HTTP/1.x
> POST /up/v1/capture-contexts HTTP/1.1
Host: apitest.cybersource.com
User-Agent: Swagger-Codegen/1.0.0/php
Accept:  application/jwt
Content-Type:  application/json
v-c-merchant-id: cbq_510000669_test
Signature: keyid="7e6fe91b-5753-48c5-a9c1-d403695ffa1b", algorithm="HmacSHA256", headers="host date request-target digest v-c-merchant-id", signature="IQ0PBGYPDH0bjooLCIFAl3vP2+m1NFzZ9/U30Kh1oAU="
Date: Wed, 08 Oct 2025 16:59:43 GMT
v-c-client-id: cybs-rest-sdk-php-0.0.65
Digest:  SHA-256=SyAIoEevwAGnlK/0MUf5xncF0wiRIbgO6ExJC8blbPw=
Content-Length: 1047

< HTTP/1.1 201 Created
< v-c-merchant-id: cbq_510000669_test
< v-c-session-id: ba66d4e7-d94d-4cf5-8bf9-7b82575a9558
< content-type: application/jwt
< cache-control: no-store
< pragma: no-cache
< content-length: 5861
< x-envoy-upstream-service-time: 16
< date: Wed, 08 Oct 2025 12:59:45 GMT
< server: istio-envoy
< Connection: keep-alive
< Strict-Transport-Security: max-age=31536000
< v-c-correlation-id: 5f5289a9-e354-43de-94ec-37605fdf9fb6
< X-OPNET-Transaction-Trace: 934de25f-e7ea-4bd1-be1c-02ab3dbc7a6b-1228642-26349271
< 
* Connection #0 to host apitest.cybersource.com left intact
*   Trying 66.185.182.49:443...
* Connected to apitest.cybersource.com (66.185.182.49) port 443
* ALPN: curl offers h2,http/1.1
*  CAfile: D:\xampp\htdocs\ahmed-admin-qa\vendor\cybersource\rest-client-php\lib\ssl/cacert.pem
*  CApath: none
* SSL connection using TLSv1.2 / ECDHE-RSA-AES256-GCM-SHA384
* ALPN: server did not agree on a protocol. Uses default.
* Server certificate:
*  subject: jurisdictionC=US; jurisdictionST=Delaware; businessCategory=Private Organization; serialNumber=802339; C=US; ST=California; L=Foster City; O=Visa International Service Association; CN=apitest.cybersource.com
*  start date: Jul  7 00:00:00 2025 GMT
*  expire date: Jul  6 23:59:59 2026 GMT
*  subjectAltName: host "apitest.cybersource.com" matched cert's "apitest.cybersource.com"
*  issuer: C=US; O=DigiCert Inc; CN=DigiCert EV RSA CA G2
*  SSL certificate verify ok.
* using HTTP/1.x
> POST /up/v1/capture-contexts HTTP/1.1
Host: apitest.cybersource.com
User-Agent: Swagger-Codegen/1.0.0/php
Accept:  application/jwt
Content-Type:  application/json
v-c-merchant-id: cbq_510000669_test
Signature: keyid="7e6fe91b-5753-48c5-a9c1-d403695ffa1b", algorithm="HmacSHA256", headers="host date request-target digest v-c-merchant-id", signature="JZPfZcgLYxoE287O/19c0Bsvx/B6BcnbkxzdyfxY0kQ="
Date: Wed, 08 Oct 2025 17:00:05 GMT
v-c-client-id: cybs-rest-sdk-php-0.0.65
Digest:  SHA-256=k40/5hJfxN343UfNptXtvGqspUZggQsxXGHqw3f5qSU=
Content-Length: 1047

< HTTP/1.1 201 Created
< v-c-merchant-id: cbq_510000669_test
< v-c-session-id: 7a720093-4fb0-4936-96d4-3cdbaf375a86
< content-type: application/jwt
< cache-control: no-store
< pragma: no-cache
< content-length: 5861
< x-envoy-upstream-service-time: 54
< date: Wed, 08 Oct 2025 13:00:07 GMT
< server: istio-envoy
< Connection: keep-alive
< Strict-Transport-Security: max-age=31536000
< v-c-correlation-id: 4fc18b25-3d94-4374-96fd-bbac9948b387
< X-OPNET-Transaction-Trace: 934de25f-e7ea-4bd1-be1c-02ab3dbc7a6b-1228642-26349608
< 
* Connection #0 to host apitest.cybersource.com left intact
*   Trying 66.185.182.49:443...
* Connected to apitest.cybersource.com (66.185.182.49) port 443
* ALPN: curl offers h2,http/1.1
*  CAfile: D:\xampp\htdocs\ahmed-admin-qa\vendor\cybersource\rest-client-php\lib\ssl/cacert.pem
*  CApath: none
* SSL connection using TLSv1.2 / ECDHE-RSA-AES256-GCM-SHA384
* ALPN: server did not agree on a protocol. Uses default.
* Server certificate:
*  subject: jurisdictionC=US; jurisdictionST=Delaware; businessCategory=Private Organization; serialNumber=802339; C=US; ST=California; L=Foster City; O=Visa International Service Association; CN=apitest.cybersource.com
*  start date: Jul  7 00:00:00 2025 GMT
*  expire date: Jul  6 23:59:59 2026 GMT
*  subjectAltName: host "apitest.cybersource.com" matched cert's "apitest.cybersource.com"
*  issuer: C=US; O=DigiCert Inc; CN=DigiCert EV RSA CA G2
*  SSL certificate verify ok.
* using HTTP/1.x
> GET /tss/v2/transactions/7599284590846181004502 HTTP/1.1
Host: apitest.cybersource.com
User-Agent: Swagger-Codegen/1.0.0/php
Accept:  application/hal+json;charset=utf-8
Content-Type:  application/json
v-c-merchant-id: cbq_510000669_test
Signature: keyid="7e6fe91b-5753-48c5-a9c1-d403695ffa1b", algorithm="HmacSHA256", headers="host date request-target v-c-merchant-id", signature="CTNouhNb2IP9HzpBBptzqjWKaCQWWxtBxKg3MfSnZWk="
Date: Wed, 08 Oct 2025 17:00:59 GMT
v-c-client-id: cybs-rest-sdk-php-0.0.65

< HTTP/1.1 404 
< X-OPNET-Transaction-Trace: a2_0c03822e-5602-4c7d-878f-3ce4c17637de-2773082-2604489
< ETag: "-1263133113"
< Last-Modified: Thu, 01 Jan 1970 00:00:00 GMT
< X-XSS-Protection: 1
< X-Content-Type-Options: nosniff
< Content-Security-Policy: default-src 'none'; script-src 'self'; connect-src 'self'; img-src 'self'; style-src 'self';
< Strict-Transport-Security: max-age=31536000; includeSubDomains
< Pragma: no-cache
< Cache-Control: no-cache, no-store, max-age=0
< Expires: -1
< Vary: Accept-Encoding
< Content-Type: application/hal+json;charset=utf-8
< Content-Length: 223
< Date: Wed, 08 Oct 2025 13:01:01 GMT
< Connection: keep-alive
< v-c-correlation-id: e82b299b-2b03-454a-b4e3-d6fcd76fb957
< 
* Connection #0 to host apitest.cybersource.com left intact
*   Trying 66.185.182.49:443...
* Connected to apitest.cybersource.com (66.185.182.49) port 443
* ALPN: curl offers h2,http/1.1
*  CAfile: D:\xampp\htdocs\ahmed-admin-qa\vendor\cybersource\rest-client-php\lib\ssl/cacert.pem
*  CApath: none
* SSL connection using TLSv1.2 / ECDHE-RSA-AES256-GCM-SHA384
* ALPN: server did not agree on a protocol. Uses default.
* Server certificate:
*  subject: jurisdictionC=US; jurisdictionST=Delaware; businessCategory=Private Organization; serialNumber=802339; C=US; ST=California; L=Foster City; O=Visa International Service Association; CN=apitest.cybersource.com
*  start date: Jul  7 00:00:00 2025 GMT
*  expire date: Jul  6 23:59:59 2026 GMT
*  subjectAltName: host "apitest.cybersource.com" matched cert's "apitest.cybersource.com"
*  issuer: C=US; O=DigiCert Inc; CN=DigiCert EV RSA CA G2
*  SSL certificate verify ok.
* using HTTP/1.x
> GET /tss/v2/transactions/7599284590846181004502 HTTP/1.1
Host: apitest.cybersource.com
User-Agent: Swagger-Codegen/1.0.0/php
Accept:  application/hal+json;charset=utf-8
Content-Type:  application/json
v-c-merchant-id: cbq_510000669_test
Signature: keyid="7e6fe91b-5753-48c5-a9c1-d403695ffa1b", algorithm="HmacSHA256", headers="host date request-target v-c-merchant-id", signature="VT/CqPGP+CBCpcSxv+9UVuEqU0AzQ7zGp1BZoM5HAbs="
Date: Wed, 08 Oct 2025 17:04:35 GMT
v-c-client-id: cybs-rest-sdk-php-0.0.65

< HTTP/1.1 200 
< X-OPNET-Transaction-Trace: a2_f74267a7-3c7a-4662-9d71-711f3b1c3063-2729130-2594136
< ETag: "-2089060458"
< Last-Modified: Thu, 01 Jan 1970 00:00:00 GMT
< X-XSS-Protection: 1
< X-Content-Type-Options: nosniff
< Content-Security-Policy: default-src 'none'; script-src 'self'; connect-src 'self'; img-src 'self'; style-src 'self';
< Strict-Transport-Security: max-age=31536000; includeSubDomains
< Pragma: no-cache
< Expires: -1
< Cache-Control: no-cache, no-store, max-age=0
< Vary: Accept-Encoding
< Content-Type: application/hal+json;charset=utf-8
< Content-Length: 3900
< Date: Wed, 08 Oct 2025 13:04:37 GMT
< Connection: keep-alive
< v-c-correlation-id: 9d51c3af-4434-4406-bfd6-e75653125589
< 
* Connection #0 to host apitest.cybersource.com left intact
*   Trying 66.185.182.49:443...
* Connected to apitest.cybersource.com (66.185.182.49) port 443
* ALPN: curl offers h2,http/1.1
*  CAfile: D:\xampp\htdocs\ahmed-admin-qa\vendor\cybersource\rest-client-php\lib\ssl/cacert.pem
*  CApath: none
* SSL connection using TLSv1.2 / ECDHE-RSA-AES256-GCM-SHA384
* ALPN: server did not agree on a protocol. Uses default.
* Server certificate:
*  subject: jurisdictionC=US; jurisdictionST=Delaware; businessCategory=Private Organization; serialNumber=802339; C=US; ST=California; L=Foster City; O=Visa International Service Association; CN=apitest.cybersource.com
*  start date: Jul  7 00:00:00 2025 GMT
*  expire date: Jul  6 23:59:59 2026 GMT
*  subjectAltName: host "apitest.cybersource.com" matched cert's "apitest.cybersource.com"
*  issuer: C=US; O=DigiCert Inc; CN=DigiCert EV RSA CA G2
*  SSL certificate verify ok.
* using HTTP/1.x
> POST /up/v1/capture-contexts HTTP/1.1
Host: apitest.cybersource.com
User-Agent: Swagger-Codegen/1.0.0/php
Accept:  application/jwt
Content-Type:  application/json
v-c-merchant-id: cbq_510000669_test
Signature: keyid="7e6fe91b-5753-48c5-a9c1-d403695ffa1b", algorithm="HmacSHA256", headers="host date request-target digest v-c-merchant-id", signature="6vSetGpvJqxWozhG0HFvhYIvh6WC/KFmkGn4xEQ2JUk="
Date: Wed, 08 Oct 2025 17:08:37 GMT
v-c-client-id: cybs-rest-sdk-php-0.0.65
Digest:  SHA-256=SyAIoEevwAGnlK/0MUf5xncF0wiRIbgO6ExJC8blbPw=
Content-Length: 1047

< HTTP/1.1 201 Created
< v-c-merchant-id: cbq_510000669_test
< v-c-session-id: 2185d663-c64c-4ebe-adf5-88b262afdefd
< content-type: application/jwt
< cache-control: no-store
< pragma: no-cache
< content-length: 5861
< x-envoy-upstream-service-time: 23
< date: Wed, 08 Oct 2025 13:08:38 GMT
< server: istio-envoy
< Connection: keep-alive
< Strict-Transport-Security: max-age=31536000
< v-c-correlation-id: c53812fc-d67c-4c67-ba5e-cb593aaeacc3
< X-OPNET-Transaction-Trace: 934de25f-e7ea-4bd1-be1c-02ab3dbc7a6b-1228642-26356995
< 
* Connection #0 to host apitest.cybersource.com left intact
*   Trying 66.185.182.49:443...
* Connected to apitest.cybersource.com (66.185.182.49) port 443
* ALPN: curl offers h2,http/1.1
*  CAfile: D:\xampp\htdocs\ahmed-admin-qa\vendor\cybersource\rest-client-php\lib\ssl/cacert.pem
*  CApath: none
* SSL connection using TLSv1.2 / ECDHE-RSA-AES256-GCM-SHA384
* ALPN: server did not agree on a protocol. Uses default.
* Server certificate:
*  subject: jurisdictionC=US; jurisdictionST=Delaware; businessCategory=Private Organization; serialNumber=802339; C=US; ST=California; L=Foster City; O=Visa International Service Association; CN=apitest.cybersource.com
*  start date: Jul  7 00:00:00 2025 GMT
*  expire date: Jul  6 23:59:59 2026 GMT
*  subjectAltName: host "apitest.cybersource.com" matched cert's "apitest.cybersource.com"
*  issuer: C=US; O=DigiCert Inc; CN=DigiCert EV RSA CA G2
*  SSL certificate verify ok.
* using HTTP/1.x
> GET /tss/v2/transactions/7599289544286184404502 HTTP/1.1
Host: apitest.cybersource.com
User-Agent: Swagger-Codegen/1.0.0/php
Accept:  application/hal+json;charset=utf-8
Content-Type:  application/json
v-c-merchant-id: cbq_510000669_test
Signature: keyid="7e6fe91b-5753-48c5-a9c1-d403695ffa1b", algorithm="HmacSHA256", headers="host date request-target v-c-merchant-id", signature="Zr2hJoIjut3yUyC+aO/9+vZasnNih5dZNbksAyfZDkQ="
Date: Wed, 08 Oct 2025 17:09:14 GMT
v-c-client-id: cybs-rest-sdk-php-0.0.65

< HTTP/1.1 404 
< X-OPNET-Transaction-Trace: a2_0c03822e-5602-4c7d-878f-3ce4c17637de-2773082-2608927
< ETag: "-559732908"
< Last-Modified: Thu, 01 Jan 1970 00:00:00 GMT
< X-XSS-Protection: 1
< X-Content-Type-Options: nosniff
< Content-Security-Policy: default-src 'none'; script-src 'self'; connect-src 'self'; img-src 'self'; style-src 'self';
< Strict-Transport-Security: max-age=31536000; includeSubDomains
< Pragma: no-cache
< Cache-Control: no-cache, no-store, max-age=0
< Expires: -1
< Vary: Accept-Encoding
< Content-Type: application/hal+json;charset=utf-8
< Content-Length: 223
< Date: Wed, 08 Oct 2025 13:09:16 GMT
< Connection: keep-alive
< v-c-correlation-id: 798a1ae9-58fd-45e0-83d1-70db259121e7
< 
* Connection #0 to host apitest.cybersource.com left intact
*   Trying 66.185.182.49:443...
* Connected to apitest.cybersource.com (66.185.182.49) port 443
* ALPN: curl offers h2,http/1.1
*  CAfile: D:\xampp\htdocs\ahmed-admin-qa\vendor\cybersource\rest-client-php\lib\ssl/cacert.pem
*  CApath: none
* SSL connection using TLSv1.2 / ECDHE-RSA-AES256-GCM-SHA384
* ALPN: server did not agree on a protocol. Uses default.
* Server certificate:
*  subject: jurisdictionC=US; jurisdictionST=Delaware; businessCategory=Private Organization; serialNumber=802339; C=US; ST=California; L=Foster City; O=Visa International Service Association; CN=apitest.cybersource.com
*  start date: Jul  7 00:00:00 2025 GMT
*  expire date: Jul  6 23:59:59 2026 GMT
*  subjectAltName: host "apitest.cybersource.com" matched cert's "apitest.cybersource.com"
*  issuer: C=US; O=DigiCert Inc; CN=DigiCert EV RSA CA G2
*  SSL certificate verify ok.
* using HTTP/1.x
> GET /tss/v2/transactions/7599292056746176004503 HTTP/1.1
Host: apitest.cybersource.com
User-Agent: Swagger-Codegen/1.0.0/php
Accept:  application/hal+json;charset=utf-8
Content-Type:  application/json
v-c-merchant-id: cbq_510000669_test
Signature: keyid="7e6fe91b-5753-48c5-a9c1-d403695ffa1b", algorithm="HmacSHA256", headers="host date request-target v-c-merchant-id", signature="GcehLgH34pJ6S7vrNnZAj7Tbvkr5Myh6wXgo732VuHA="
Date: Wed, 08 Oct 2025 17:13:26 GMT
v-c-client-id: cybs-rest-sdk-php-0.0.65

< HTTP/1.1 404 
< X-OPNET-Transaction-Trace: a2_0c03822e-5602-4c7d-878f-3ce4c17637de-2773082-2610329
< ETag: "1302560727"
< Last-Modified: Thu, 01 Jan 1970 00:00:00 GMT
< X-XSS-Protection: 1
< X-Content-Type-Options: nosniff
< Content-Security-Policy: default-src 'none'; script-src 'self'; connect-src 'self'; img-src 'self'; style-src 'self';
< Strict-Transport-Security: max-age=31536000; includeSubDomains
< Pragma: no-cache
< Cache-Control: no-cache, no-store, max-age=0
< Expires: -1
< Vary: Accept-Encoding
< Content-Type: application/hal+json;charset=utf-8
< Content-Length: 223
< Date: Wed, 08 Oct 2025 13:13:27 GMT
< Connection: keep-alive
< v-c-correlation-id: ae896e72-a3ed-4b05-a011-9b432b5205b2
< 
* Connection #0 to host apitest.cybersource.com left intact
*   Trying 66.185.182.49:443...
* Connected to apitest.cybersource.com (66.185.182.49) port 443
* ALPN: curl offers h2,http/1.1
*  CAfile: D:\xampp\htdocs\ahmed-admin-qa\vendor\cybersource\rest-client-php\lib\ssl/cacert.pem
*  CApath: none
* SSL connection using TLSv1.2 / ECDHE-RSA-AES256-GCM-SHA384
* ALPN: server did not agree on a protocol. Uses default.
* Server certificate:
*  subject: jurisdictionC=US; jurisdictionST=Delaware; businessCategory=Private Organization; serialNumber=802339; C=US; ST=California; L=Foster City; O=Visa International Service Association; CN=apitest.cybersource.com
*  start date: Jul  7 00:00:00 2025 GMT
*  expire date: Jul  6 23:59:59 2026 GMT
*  subjectAltName: host "apitest.cybersource.com" matched cert's "apitest.cybersource.com"
*  issuer: C=US; O=DigiCert Inc; CN=DigiCert EV RSA CA G2
*  SSL certificate verify ok.
* using HTTP/1.x
> POST /up/v1/capture-contexts HTTP/1.1
Host: apitest.cybersource.com
User-Agent: Swagger-Codegen/1.0.0/php
Accept:  application/jwt
Content-Type:  application/json
v-c-merchant-id: cbq_510000669_test
Signature: keyid="7e6fe91b-5753-48c5-a9c1-d403695ffa1b", algorithm="HmacSHA256", headers="host date request-target digest v-c-merchant-id", signature="d9RlydrFgwtKpm5gXLIktino92mzfc5IVRAGYdytPEg="
Date: Wed, 08 Oct 2025 17:23:23 GMT
v-c-client-id: cybs-rest-sdk-php-0.0.65
Digest:  SHA-256=SyAIoEevwAGnlK/0MUf5xncF0wiRIbgO6ExJC8blbPw=
Content-Length: 1047

< HTTP/1.1 201 Created
< v-c-merchant-id: cbq_510000669_test
< v-c-session-id: 11929246-61c9-4065-8b1f-dd419fc0a98e
< content-type: application/jwt
< cache-control: no-store
< pragma: no-cache
< content-length: 5861
< x-envoy-upstream-service-time: 18
< date: Wed, 08 Oct 2025 13:23:24 GMT
< server: istio-envoy
< Connection: keep-alive
< Strict-Transport-Security: max-age=31536000
< v-c-correlation-id: 93083224-c78f-4c31-9ec4-455387378ddd
< X-OPNET-Transaction-Trace: 934de25f-e7ea-4bd1-be1c-02ab3dbc7a6b-1228642-26368245
< 
* Connection #0 to host apitest.cybersource.com left intact
*   Trying 66.185.182.49:443...
* Connected to apitest.cybersource.com (66.185.182.49) port 443
* ALPN: curl offers h2,http/1.1
*  CAfile: D:\xampp\htdocs\ahmed-admin-qa\vendor\cybersource\rest-client-php\lib\ssl/cacert.pem
*  CApath: none
* SSL connection using TLSv1.2 / ECDHE-RSA-AES256-GCM-SHA384
* ALPN: server did not agree on a protocol. Uses default.
* Server certificate:
*  subject: jurisdictionC=US; jurisdictionST=Delaware; businessCategory=Private Organization; serialNumber=802339; C=US; ST=California; L=Foster City; O=Visa International Service Association; CN=apitest.cybersource.com
*  start date: Jul  7 00:00:00 2025 GMT
*  expire date: Jul  6 23:59:59 2026 GMT
*  subjectAltName: host "apitest.cybersource.com" matched cert's "apitest.cybersource.com"
*  issuer: C=US; O=DigiCert Inc; CN=DigiCert EV RSA CA G2
*  SSL certificate verify ok.
* using HTTP/1.x
> GET /tss/v2/transactions/7599298480906194904501 HTTP/1.1
Host: apitest.cybersource.com
User-Agent: Swagger-Codegen/1.0.0/php
Accept:  application/hal+json;charset=utf-8
Content-Type:  application/json
v-c-merchant-id: cbq_510000669_test
Signature: keyid="7e6fe91b-5753-48c5-a9c1-d403695ffa1b", algorithm="HmacSHA256", headers="host date request-target v-c-merchant-id", signature="TPN26xW0nsxCnS/PO3voqzOl6UvAwl2E1M57+/t2HRY="
Date: Wed, 08 Oct 2025 17:24:08 GMT
v-c-client-id: cybs-rest-sdk-php-0.0.65

< HTTP/1.1 404 
< X-OPNET-Transaction-Trace: a2_f74267a7-3c7a-4662-9d71-711f3b1c3063-2729130-2599168
< ETag: "-99964297"
< Last-Modified: Thu, 01 Jan 1970 00:00:00 GMT
< X-XSS-Protection: 1
< X-Content-Type-Options: nosniff
< Content-Security-Policy: default-src 'none'; script-src 'self'; connect-src 'self'; img-src 'self'; style-src 'self';
< Strict-Transport-Security: max-age=31536000; includeSubDomains
< Pragma: no-cache
< Expires: -1
< Cache-Control: no-cache, no-store, max-age=0
< Vary: Accept-Encoding
< Content-Type: application/hal+json;charset=utf-8
< Content-Length: 223
< Date: Wed, 08 Oct 2025 13:24:10 GMT
< Connection: keep-alive
< v-c-correlation-id: 893e9d3c-daea-4ff5-b1c0-751d07332cd5
< 
* Connection #0 to host apitest.cybersource.com left intact
*   Trying 66.185.182.49:443...
* Connected to apitest.cybersource.com (66.185.182.49) port 443
* ALPN: curl offers h2,http/1.1
*  CAfile: D:\xampp\htdocs\ahmed-admin-qa\vendor\cybersource\rest-client-php\lib\ssl/cacert.pem
*  CApath: none
* SSL connection using TLSv1.2 / ECDHE-RSA-AES256-GCM-SHA384
* ALPN: server did not agree on a protocol. Uses default.
* Server certificate:
*  subject: jurisdictionC=US; jurisdictionST=Delaware; businessCategory=Private Organization; serialNumber=802339; C=US; ST=California; L=Foster City; O=Visa International Service Association; CN=apitest.cybersource.com
*  start date: Jul  7 00:00:00 2025 GMT
*  expire date: Jul  6 23:59:59 2026 GMT
*  subjectAltName: host "apitest.cybersource.com" matched cert's "apitest.cybersource.com"
*  issuer: C=US; O=DigiCert Inc; CN=DigiCert EV RSA CA G2
*  SSL certificate verify ok.
* using HTTP/1.x
> GET /tss/v2/transactions/7599298480906194904501 HTTP/1.1
Host: apitest.cybersource.com
User-Agent: Swagger-Codegen/1.0.0/php
Accept:  application/hal+json;charset=utf-8
Content-Type:  application/json
v-c-merchant-id: cbq_510000669_test
Signature: keyid="7e6fe91b-5753-48c5-a9c1-d403695ffa1b", algorithm="HmacSHA256", headers="host date request-target v-c-merchant-id", signature="zYD/fxWKuJOXDkz6NDLAcU4JCqEuhy6fyacq2fOpDtk="
Date: Wed, 08 Oct 2025 17:25:25 GMT
v-c-client-id: cybs-rest-sdk-php-0.0.65

< HTTP/1.1 200 
< X-OPNET-Transaction-Trace: a2_f74267a7-3c7a-4662-9d71-711f3b1c3063-2729130-2599486
< ETag: "-783603970"
< Last-Modified: Thu, 01 Jan 1970 00:00:00 GMT
< X-XSS-Protection: 1
< X-Content-Type-Options: nosniff
< Content-Security-Policy: default-src 'none'; script-src 'self'; connect-src 'self'; img-src 'self'; style-src 'self';
< Strict-Transport-Security: max-age=31536000; includeSubDomains
< Pragma: no-cache
< Expires: -1
< Cache-Control: no-cache, no-store, max-age=0
< Vary: Accept-Encoding
< Content-Type: application/hal+json;charset=utf-8
< Content-Length: 3900
< Date: Wed, 08 Oct 2025 13:25:27 GMT
< Connection: keep-alive
< v-c-correlation-id: b7f68eb4-b66d-4e5b-881e-00f6196327f9
< 
* Connection #0 to host apitest.cybersource.com left intact
*   Trying 66.185.182.49:443...
* Connected to apitest.cybersource.com (66.185.182.49) port 443
* ALPN: curl offers h2,http/1.1
*  CAfile: D:\xampp\htdocs\ahmed-admin-qa\vendor\cybersource\rest-client-php\lib\ssl/cacert.pem
*  CApath: none
* SSL connection using TLSv1.2 / ECDHE-RSA-AES256-GCM-SHA384
* ALPN: server did not agree on a protocol. Uses default.
* Server certificate:
*  subject: jurisdictionC=US; jurisdictionST=Delaware; businessCategory=Private Organization; serialNumber=802339; C=US; ST=California; L=Foster City; O=Visa International Service Association; CN=apitest.cybersource.com
*  start date: Jul  7 00:00:00 2025 GMT
*  expire date: Jul  6 23:59:59 2026 GMT
*  subjectAltName: host "apitest.cybersource.com" matched cert's "apitest.cybersource.com"
*  issuer: C=US; O=DigiCert Inc; CN=DigiCert EV RSA CA G2
*  SSL certificate verify ok.
* using HTTP/1.x
> GET /tss/v2/transactions/514521520 HTTP/1.1
Host: apitest.cybersource.com
User-Agent: Swagger-Codegen/1.0.0/php
Accept:  application/hal+json;charset=utf-8
Content-Type:  application/json
v-c-merchant-id: cbq_510000669_test
Signature: keyid="7e6fe91b-5753-48c5-a9c1-d403695ffa1b", algorithm="HmacSHA256", headers="host date request-target v-c-merchant-id", signature="A32bh/YyejrtxMI/Ek+AIEz4xRWy99+duYqNgAQDj1M="
Date: Wed, 08 Oct 2025 17:50:46 GMT
v-c-client-id: cybs-rest-sdk-php-0.0.65

< HTTP/1.1 404 
< X-OPNET-Transaction-Trace: a2_f74267a7-3c7a-4662-9d71-711f3b1c3063-2729130-2606064
< ETag: "-15776417"
< Last-Modified: Thu, 01 Jan 1970 00:00:00 GMT
< X-XSS-Protection: 1
< X-Content-Type-Options: nosniff
< Content-Security-Policy: default-src 'none'; script-src 'self'; connect-src 'self'; img-src 'self'; style-src 'self';
< Strict-Transport-Security: max-age=31536000; includeSubDomains
< Pragma: no-cache
< Expires: -1
< Cache-Control: no-cache, no-store, max-age=0
< Vary: Accept-Encoding
< Content-Type: application/hal+json;charset=utf-8
< Content-Length: 210
< Date: Wed, 08 Oct 2025 13:50:48 GMT
< Connection: keep-alive
< v-c-correlation-id: bcb2c86a-83c0-4b8d-a32b-194e67790006
< 
* Connection #0 to host apitest.cybersource.com left intact
*   Trying 66.185.182.49:443...
* Connected to apitest.cybersource.com (66.185.182.49) port 443
* ALPN: curl offers h2,http/1.1
*  CAfile: D:\xampp\htdocs\ahmed-admin-qa\vendor\cybersource\rest-client-php\lib\ssl/cacert.pem
*  CApath: none
* SSL connection using TLSv1.2 / ECDHE-RSA-AES256-GCM-SHA384
* ALPN: server did not agree on a protocol. Uses default.
* Server certificate:
*  subject: jurisdictionC=US; jurisdictionST=Delaware; businessCategory=Private Organization; serialNumber=802339; C=US; ST=California; L=Foster City; O=Visa International Service Association; CN=apitest.cybersource.com
*  start date: Jul  7 00:00:00 2025 GMT
*  expire date: Jul  6 23:59:59 2026 GMT
*  subjectAltName: host "apitest.cybersource.com" matched cert's "apitest.cybersource.com"
*  issuer: C=US; O=DigiCert Inc; CN=DigiCert EV RSA CA G2
*  SSL certificate verify ok.
* using HTTP/1.x
> POST /up/v1/capture-contexts HTTP/1.1
Host: apitest.cybersource.com
User-Agent: Swagger-Codegen/1.0.0/php
Accept:  application/jwt
Content-Type:  application/json
v-c-merchant-id: cbq_510000669_test
Signature: keyid="7e6fe91b-5753-48c5-a9c1-d403695ffa1b", algorithm="HmacSHA256", headers="host date request-target digest v-c-merchant-id", signature="NxrrofUqGsv9cX9Ldl1ArFBNArxKbTJF96d7EAyal5A="
Date: Thu, 09 Oct 2025 10:02:24 GMT
v-c-client-id: cybs-rest-sdk-php-0.0.65
Digest:  SHA-256=zhyR45riUHjsFNmBhVdAL3oJRd/qPA51HlphKw1EkRI=
Content-Length: 1047

< HTTP/1.1 201 Created
< v-c-merchant-id: cbq_510000669_test
< v-c-session-id: 1a56d87e-3690-4b2b-8ff8-9b5de4d7e952
< content-type: application/jwt
< cache-control: no-store
< pragma: no-cache
< content-length: 5861
< x-envoy-upstream-service-time: 27
< date: Thu, 09 Oct 2025 06:02:24 GMT
< server: istio-envoy
< Connection: keep-alive
< Strict-Transport-Security: max-age=31536000
< v-c-correlation-id: bdad9985-67ad-48d7-a444-88140bda0bb0
< X-OPNET-Transaction-Trace: 934de25f-e7ea-4bd1-be1c-02ab3dbc7a6b-1228642-27311636
< 
* Connection #0 to host apitest.cybersource.com left intact
*   Trying 66.185.182.49:443...
* Connected to apitest.cybersource.com (66.185.182.49) port 443
* ALPN: curl offers h2,http/1.1
*  CAfile: D:\xampp\htdocs\ahmed-admin-qa\vendor\cybersource\rest-client-php\lib\ssl/cacert.pem
*  CApath: none
* SSL connection using TLSv1.2 / ECDHE-RSA-AES256-GCM-SHA384
* ALPN: server did not agree on a protocol. Uses default.
* Server certificate:
*  subject: jurisdictionC=US; jurisdictionST=Delaware; businessCategory=Private Organization; serialNumber=802339; C=US; ST=California; L=Foster City; O=Visa International Service Association; CN=apitest.cybersource.com
*  start date: Jul  7 00:00:00 2025 GMT
*  expire date: Jul  6 23:59:59 2026 GMT
*  subjectAltName: host "apitest.cybersource.com" matched cert's "apitest.cybersource.com"
*  issuer: C=US; O=DigiCert Inc; CN=DigiCert EV RSA CA G2
*  SSL certificate verify ok.
* using HTTP/1.x
> GET /tss/v2/transactions/7599898010056401704514 HTTP/1.1
Host: apitest.cybersource.com
User-Agent: Swagger-Codegen/1.0.0/php
Accept:  application/hal+json;charset=utf-8
Content-Type:  application/json
v-c-merchant-id: cbq_510000669_test
Signature: keyid="7e6fe91b-5753-48c5-a9c1-d403695ffa1b", algorithm="HmacSHA256", headers="host date request-target v-c-merchant-id", signature="1TH3rta6d+5v6lp6YNKRJlRRMyMjEHUeWBdg4uMvWxM="
Date: Thu, 09 Oct 2025 10:03:23 GMT
v-c-client-id: cybs-rest-sdk-php-0.0.65

< HTTP/1.1 404 
< X-OPNET-Transaction-Trace: a2_f74267a7-3c7a-4662-9d71-711f3b1c3063-2729130-3688055
< ETag: "-843851633"
< Last-Modified: Thu, 01 Jan 1970 00:00:00 GMT
< X-XSS-Protection: 1
< X-Content-Type-Options: nosniff
< Content-Security-Policy: default-src 'none'; script-src 'self'; connect-src 'self'; img-src 'self'; style-src 'self';
< Strict-Transport-Security: max-age=31536000; includeSubDomains
< Pragma: no-cache
< Expires: -1
< Cache-Control: no-cache, no-store, max-age=0
< Vary: Accept-Encoding
< Content-Type: application/hal+json;charset=utf-8
< Content-Length: 223
< Date: Thu, 09 Oct 2025 06:03:24 GMT
< Connection: keep-alive
< v-c-correlation-id: 6d6276c6-092e-4f80-8321-703ef6c26d52
< 
* Connection #0 to host apitest.cybersource.com left intact
*   Trying 66.185.182.49:443...
* Connected to apitest.cybersource.com (66.185.182.49) port 443
* ALPN: curl offers h2,http/1.1
*  CAfile: D:\xampp\htdocs\ahmed-admin-qa\vendor\cybersource\rest-client-php\lib\ssl/cacert.pem
*  CApath: none
* SSL connection using TLSv1.2 / ECDHE-RSA-AES256-GCM-SHA384
* ALPN: server did not agree on a protocol. Uses default.
* Server certificate:
*  subject: jurisdictionC=US; jurisdictionST=Delaware; businessCategory=Private Organization; serialNumber=802339; C=US; ST=California; L=Foster City; O=Visa International Service Association; CN=apitest.cybersource.com
*  start date: Jul  7 00:00:00 2025 GMT
*  expire date: Jul  6 23:59:59 2026 GMT
*  subjectAltName: host "apitest.cybersource.com" matched cert's "apitest.cybersource.com"
*  issuer: C=US; O=DigiCert Inc; CN=DigiCert EV RSA CA G2
*  SSL certificate verify ok.
* using HTTP/1.x
> GET /tss/v2/transactions/7599898010056401704514 HTTP/1.1
Host: apitest.cybersource.com
User-Agent: Swagger-Codegen/1.0.0/php
Accept:  application/hal+json;charset=utf-8
Content-Type:  application/json
v-c-merchant-id: cbq_510000669_test
Signature: keyid="7e6fe91b-5753-48c5-a9c1-d403695ffa1b", algorithm="HmacSHA256", headers="host date request-target v-c-merchant-id", signature="DzjPSrsFe/6QNJRC9DP166GUU6O7rIIpD/hcjqSw23Y="
Date: Thu, 09 Oct 2025 10:04:03 GMT
v-c-client-id: cybs-rest-sdk-php-0.0.65

< HTTP/1.1 200 
< X-OPNET-Transaction-Trace: a2_f74267a7-3c7a-4662-9d71-711f3b1c3063-2729130-3689467
< ETag: "651705963"
< Last-Modified: Thu, 01 Jan 1970 00:00:00 GMT
< X-XSS-Protection: 1
< X-Content-Type-Options: nosniff
< Content-Security-Policy: default-src 'none'; script-src 'self'; connect-src 'self'; img-src 'self'; style-src 'self';
< Strict-Transport-Security: max-age=31536000; includeSubDomains
< Pragma: no-cache
< Expires: -1
< Cache-Control: no-cache, no-store, max-age=0
< Vary: Accept-Encoding
< Content-Type: application/hal+json;charset=utf-8
< Content-Length: 3900
< Date: Thu, 09 Oct 2025 06:04:04 GMT
< Connection: keep-alive
< v-c-correlation-id: 902c8f32-e3a1-4a65-9b6c-81eb8c340c18
< 
* Connection #0 to host apitest.cybersource.com left intact
*   Trying 66.185.182.49:443...
* Connected to apitest.cybersource.com (66.185.182.49) port 443
* ALPN: curl offers h2,http/1.1
*  CAfile: D:\xampp\htdocs\ahmed-admin-qa\vendor\cybersource\rest-client-php\lib\ssl/cacert.pem
*  CApath: none
* SSL connection using TLSv1.2 / ECDHE-RSA-AES256-GCM-SHA384
* ALPN: server did not agree on a protocol. Uses default.
* Server certificate:
*  subject: jurisdictionC=US; jurisdictionST=Delaware; businessCategory=Private Organization; serialNumber=802339; C=US; ST=California; L=Foster City; O=Visa International Service Association; CN=apitest.cybersource.com
*  start date: Jul  7 00:00:00 2025 GMT
*  expire date: Jul  6 23:59:59 2026 GMT
*  subjectAltName: host "apitest.cybersource.com" matched cert's "apitest.cybersource.com"
*  issuer: C=US; O=DigiCert Inc; CN=DigiCert EV RSA CA G2
*  SSL certificate verify ok.
* using HTTP/1.x
> GET /tss/v2/transactions/7599898010056401704514 HTTP/1.1
Host: apitest.cybersource.com
User-Agent: Swagger-Codegen/1.0.0/php
Accept:  application/hal+json;charset=utf-8
Content-Type:  application/json
v-c-merchant-id: cbq_510000669_test
Signature: keyid="7e6fe91b-5753-48c5-a9c1-d403695ffa1b", algorithm="HmacSHA256", headers="host date request-target v-c-merchant-id", signature="LrgK5ltUizkNkE9f5gJO055JuCOW1Jux/OnhcmJdTqg="
Date: Thu, 09 Oct 2025 10:04:24 GMT
v-c-client-id: cybs-rest-sdk-php-0.0.65

< HTTP/1.1 200 
< X-OPNET-Transaction-Trace: a2_f74267a7-3c7a-4662-9d71-711f3b1c3063-2729130-3690281
< ETag: "651705963"
< Last-Modified: Thu, 01 Jan 1970 00:00:00 GMT
< X-XSS-Protection: 1
< X-Content-Type-Options: nosniff
< Content-Security-Policy: default-src 'none'; script-src 'self'; connect-src 'self'; img-src 'self'; style-src 'self';
< Strict-Transport-Security: max-age=31536000; includeSubDomains
< Pragma: no-cache
< Expires: -1
< Cache-Control: no-cache, no-store, max-age=0
< Vary: Accept-Encoding
< Content-Type: application/hal+json;charset=utf-8
< Content-Length: 3900
< Date: Thu, 09 Oct 2025 06:04:25 GMT
< Connection: keep-alive
< v-c-correlation-id: 6f02a466-db9b-4c2b-8544-7f7b61e50887
< 
* Connection #0 to host apitest.cybersource.com left intact
*   Trying 66.185.182.49:443...
* Connected to apitest.cybersource.com (66.185.182.49) port 443
* ALPN: curl offers h2,http/1.1
*  CAfile: D:\xampp\htdocs\ahmed-admin-qa\vendor\cybersource\rest-client-php\lib\ssl/cacert.pem
*  CApath: none
* SSL connection using TLSv1.2 / ECDHE-RSA-AES256-GCM-SHA384
* ALPN: server did not agree on a protocol. Uses default.
* Server certificate:
*  subject: jurisdictionC=US; jurisdictionST=Delaware; businessCategory=Private Organization; serialNumber=802339; C=US; ST=California; L=Foster City; O=Visa International Service Association; CN=apitest.cybersource.com
*  start date: Jul  7 00:00:00 2025 GMT
*  expire date: Jul  6 23:59:59 2026 GMT
*  subjectAltName: host "apitest.cybersource.com" matched cert's "apitest.cybersource.com"
*  issuer: C=US; O=DigiCert Inc; CN=DigiCert EV RSA CA G2
*  SSL certificate verify ok.
* using HTTP/1.x
> GET /tss/v2/transactions/7599898010056401704514 HTTP/1.1
Host: apitest.cybersource.com
User-Agent: Swagger-Codegen/1.0.0/php
Accept:  application/hal+json;charset=utf-8
Content-Type:  application/json
v-c-merchant-id: cbq_510000669_test
Signature: keyid="7e6fe91b-5753-48c5-a9c1-d403695ffa1b", algorithm="HmacSHA256", headers="host date request-target v-c-merchant-id", signature="OzhNkG6hnj5TUpHTht5PdmuuCw0+6gVdP+3tmjqHsnk="
Date: Thu, 09 Oct 2025 10:04:36 GMT
v-c-client-id: cybs-rest-sdk-php-0.0.65

< HTTP/1.1 200 
< X-OPNET-Transaction-Trace: a2_0c03822e-5602-4c7d-878f-3ce4c17637de-2773082-3704432
< ETag: "651705963"
< Last-Modified: Thu, 01 Jan 1970 00:00:00 GMT
< X-XSS-Protection: 1
< X-Content-Type-Options: nosniff
< Content-Security-Policy: default-src 'none'; script-src 'self'; connect-src 'self'; img-src 'self'; style-src 'self';
< Strict-Transport-Security: max-age=31536000; includeSubDomains
< Pragma: no-cache
< Cache-Control: no-cache, no-store, max-age=0
< Expires: -1
< Vary: Accept-Encoding
< Content-Type: application/hal+json;charset=utf-8
< Content-Length: 3900
< Date: Thu, 09 Oct 2025 06:04:37 GMT
< Connection: keep-alive
< v-c-correlation-id: 4134265d-1d94-449f-ab92-9fe5d78593e9
< 
* Connection #0 to host apitest.cybersource.com left intact
*   Trying 66.185.182.49:443...
* Connected to apitest.cybersource.com (66.185.182.49) port 443
* ALPN: curl offers h2,http/1.1
*  CAfile: D:\xampp\htdocs\ahmed-admin-qa\vendor\cybersource\rest-client-php\lib\ssl/cacert.pem
*  CApath: none
* SSL connection using TLSv1.2 / ECDHE-RSA-AES256-GCM-SHA384
* ALPN: server did not agree on a protocol. Uses default.
* Server certificate:
*  subject: jurisdictionC=US; jurisdictionST=Delaware; businessCategory=Private Organization; serialNumber=802339; C=US; ST=California; L=Foster City; O=Visa International Service Association; CN=apitest.cybersource.com
*  start date: Jul  7 00:00:00 2025 GMT
*  expire date: Jul  6 23:59:59 2026 GMT
*  subjectAltName: host "apitest.cybersource.com" matched cert's "apitest.cybersource.com"
*  issuer: C=US; O=DigiCert Inc; CN=DigiCert EV RSA CA G2
*  SSL certificate verify ok.
* using HTTP/1.x
> POST /up/v1/capture-contexts HTTP/1.1
Host: apitest.cybersource.com
User-Agent: Swagger-Codegen/1.0.0/php
Accept:  application/jwt
Content-Type:  application/json
v-c-merchant-id: cbq_510000669_test
Signature: keyid="7e6fe91b-5753-48c5-a9c1-d403695ffa1b", algorithm="HmacSHA256", headers="host date request-target digest v-c-merchant-id", signature="wWSgI4BW24bkga4ErabeRtfsF29CDmWmOKPMxJTj3Dk="
Date: Thu, 09 Oct 2025 10:19:50 GMT
v-c-client-id: cybs-rest-sdk-php-0.0.65
Digest:  SHA-256=Skz5tlgHLfLVeLesu9Di6dIYYo6hlkEFv65whg2lDEA=
Content-Length: 1024

< HTTP/1.1 201 Created
< v-c-merchant-id: cbq_510000669_test
< v-c-session-id: 4c0f67bb-c897-4dba-90e3-005e8859d838
< content-type: application/jwt
< cache-control: no-store
< pragma: no-cache
< content-length: 5861
< x-envoy-upstream-service-time: 42
< date: Thu, 09 Oct 2025 06:19:50 GMT
< server: istio-envoy
< Connection: keep-alive
< Strict-Transport-Security: max-age=31536000
< v-c-correlation-id: 8de3143b-652b-4b5d-a9e1-fc4a626e4ac3
< X-OPNET-Transaction-Trace: 5f3257e4-1d41-4a51-848f-80f132d6b33e-1180516-27268389
< 
* Connection #0 to host apitest.cybersource.com left intact
*   Trying 66.185.182.49:443...
* Connected to apitest.cybersource.com (66.185.182.49) port 443
* ALPN: curl offers h2,http/1.1
*  CAfile: D:\xampp\htdocs\ahmed-admin-qa\vendor\cybersource\rest-client-php\lib\ssl/cacert.pem
*  CApath: none
* SSL connection using TLSv1.2 / ECDHE-RSA-AES256-GCM-SHA384
* ALPN: server did not agree on a protocol. Uses default.
* Server certificate:
*  subject: jurisdictionC=US; jurisdictionST=Delaware; businessCategory=Private Organization; serialNumber=802339; C=US; ST=California; L=Foster City; O=Visa International Service Association; CN=apitest.cybersource.com
*  start date: Jul  7 00:00:00 2025 GMT
*  expire date: Jul  6 23:59:59 2026 GMT
*  subjectAltName: host "apitest.cybersource.com" matched cert's "apitest.cybersource.com"
*  issuer: C=US; O=DigiCert Inc; CN=DigiCert EV RSA CA G2
*  SSL certificate verify ok.
* using HTTP/1.x
> POST /up/v1/capture-contexts HTTP/1.1
Host: apitest.cybersource.com
User-Agent: Swagger-Codegen/1.0.0/php
Accept:  application/jwt
Content-Type:  application/json
v-c-merchant-id: cbq_510000669_test
Signature: keyid="7e6fe91b-5753-48c5-a9c1-d403695ffa1b", algorithm="HmacSHA256", headers="host date request-target digest v-c-merchant-id", signature="AC9108zDlsGzby2kMgACXp5KfTVw1/sw+bJNl9dmm9A="
Date: Thu, 09 Oct 2025 10:21:27 GMT
v-c-client-id: cybs-rest-sdk-php-0.0.65
Digest:  SHA-256=OtGsBSsPTx0CMb7v/+BnfigDllkT1UtkOXXn700dGCU=
Content-Length: 804

< HTTP/1.1 201 Created
< v-c-merchant-id: cbq_510000669_test
< v-c-session-id: 1d35e626-b0de-4efe-bdcd-ca4fb312a8fe
< content-type: application/jwt
< cache-control: no-store
< pragma: no-cache
< content-length: 5567
< x-envoy-upstream-service-time: 20
< date: Thu, 09 Oct 2025 06:21:28 GMT
< server: istio-envoy
< Connection: keep-alive
< Strict-Transport-Security: max-age=31536000
< v-c-correlation-id: 2e368b75-a97e-43cc-ab0e-7919fb687609
< X-OPNET-Transaction-Trace: 255df1e0-83d6-4275-89d7-91f2b2cc0c4e-1210023-27287741
< 
* Connection #0 to host apitest.cybersource.com left intact
*   Trying 66.185.182.49:443...
* Connected to apitest.cybersource.com (66.185.182.49) port 443
* ALPN: curl offers h2,http/1.1
*  CAfile: D:\xampp\htdocs\ahmed-admin-qa\vendor\cybersource\rest-client-php\lib\ssl/cacert.pem
*  CApath: none
* SSL connection using TLSv1.2 / ECDHE-RSA-AES256-GCM-SHA384
* ALPN: server did not agree on a protocol. Uses default.
* Server certificate:
*  subject: jurisdictionC=US; jurisdictionST=Delaware; businessCategory=Private Organization; serialNumber=802339; C=US; ST=California; L=Foster City; O=Visa International Service Association; CN=apitest.cybersource.com
*  start date: Jul  7 00:00:00 2025 GMT
*  expire date: Jul  6 23:59:59 2026 GMT
*  subjectAltName: host "apitest.cybersource.com" matched cert's "apitest.cybersource.com"
*  issuer: C=US; O=DigiCert Inc; CN=DigiCert EV RSA CA G2
*  SSL certificate verify ok.
* using HTTP/1.x
> POST /up/v1/capture-contexts HTTP/1.1
Host: apitest.cybersource.com
User-Agent: Swagger-Codegen/1.0.0/php
Accept:  application/jwt
Content-Type:  application/json
v-c-merchant-id: cbq_510000669_test
Signature: keyid="7e6fe91b-5753-48c5-a9c1-d403695ffa1b", algorithm="HmacSHA256", headers="host date request-target digest v-c-merchant-id", signature="9mOO1lrgb62mYuERehQsZnyejcwghnivam/tfuBCBhg="
Date: Thu, 09 Oct 2025 10:23:36 GMT
v-c-client-id: cybs-rest-sdk-php-0.0.65
Digest:  SHA-256=OtGsBSsPTx0CMb7v/+BnfigDllkT1UtkOXXn700dGCU=
Content-Length: 804

< HTTP/1.1 201 Created
< v-c-merchant-id: cbq_510000669_test
< v-c-session-id: ed8409eb-37aa-4d84-9fca-38123c68d811
< content-type: application/jwt
< cache-control: no-store
< pragma: no-cache
< content-length: 5567
< x-envoy-upstream-service-time: 35
< date: Thu, 09 Oct 2025 06:23:37 GMT
< server: istio-envoy
< Connection: keep-alive
< Strict-Transport-Security: max-age=31536000
< v-c-correlation-id: 796c1116-1bba-4b9c-8dea-d7d408086d6a
< X-OPNET-Transaction-Trace: 255df1e0-83d6-4275-89d7-91f2b2cc0c4e-1210023-27290155
< 
* Connection #0 to host apitest.cybersource.com left intact
*   Trying 66.185.182.49:443...
* Connected to apitest.cybersource.com (66.185.182.49) port 443
* ALPN: curl offers h2,http/1.1
*  CAfile: D:\xampp\htdocs\ahmed-admin-qa\vendor\cybersource\rest-client-php\lib\ssl/cacert.pem
*  CApath: none
* SSL connection using TLSv1.2 / ECDHE-RSA-AES256-GCM-SHA384
* ALPN: server did not agree on a protocol. Uses default.
* Server certificate:
*  subject: jurisdictionC=US; jurisdictionST=Delaware; businessCategory=Private Organization; serialNumber=802339; C=US; ST=California; L=Foster City; O=Visa International Service Association; CN=apitest.cybersource.com
*  start date: Jul  7 00:00:00 2025 GMT
*  expire date: Jul  6 23:59:59 2026 GMT
*  subjectAltName: host "apitest.cybersource.com" matched cert's "apitest.cybersource.com"
*  issuer: C=US; O=DigiCert Inc; CN=DigiCert EV RSA CA G2
*  SSL certificate verify ok.
* using HTTP/1.x
> POST /up/v1/capture-contexts HTTP/1.1
Host: apitest.cybersource.com
User-Agent: Swagger-Codegen/1.0.0/php
Accept:  application/jwt
Content-Type:  application/json
v-c-merchant-id: cbq_510000669_test
Signature: keyid="7e6fe91b-5753-48c5-a9c1-d403695ffa1b", algorithm="HmacSHA256", headers="host date request-target digest v-c-merchant-id", signature="xbnyyTsAw2GHt0nVx8K7w0tXiY7ApdSN9Q4as8E7rlA="
Date: Thu, 09 Oct 2025 11:47:25 GMT
v-c-client-id: cybs-rest-sdk-php-0.0.65
Digest:  SHA-256=8E8WRzf/+9GJQW3uf7BQFcScVifSlHo74820mxJFj1c=
Content-Length: 1047

< HTTP/1.1 201 Created
< v-c-merchant-id: cbq_510000669_test
< v-c-session-id: adf793d3-3ecc-443c-a42f-7cda12aea44d
< content-type: application/jwt
< cache-control: no-store
< pragma: no-cache
< content-length: 5861
< x-envoy-upstream-service-time: 56
< date: Thu, 09 Oct 2025 07:47:26 GMT
< server: istio-envoy
< Connection: keep-alive
< Strict-Transport-Security: max-age=31536000
< v-c-correlation-id: fd4d8b6d-02b4-4dd9-9b6e-5c7f411689cc
< X-OPNET-Transaction-Trace: 5f3257e4-1d41-4a51-848f-80f132d6b33e-1180516-27351985
< 
* Connection #0 to host apitest.cybersource.com left intact
*   Trying 66.185.182.49:443...
* Connected to apitest.cybersource.com (66.185.182.49) port 443
* ALPN: curl offers h2,http/1.1
*  CAfile: D:\xampp\htdocs\ahmed-admin-qa\vendor\cybersource\rest-client-php\lib\ssl/cacert.pem
*  CApath: none
* SSL connection using TLSv1.2 / ECDHE-RSA-AES256-GCM-SHA384
* ALPN: server did not agree on a protocol. Uses default.
* Server certificate:
*  subject: jurisdictionC=US; jurisdictionST=Delaware; businessCategory=Private Organization; serialNumber=802339; C=US; ST=California; L=Foster City; O=Visa International Service Association; CN=apitest.cybersource.com
*  start date: Jul  7 00:00:00 2025 GMT
*  expire date: Jul  6 23:59:59 2026 GMT
*  subjectAltName: host "apitest.cybersource.com" matched cert's "apitest.cybersource.com"
*  issuer: C=US; O=DigiCert Inc; CN=DigiCert EV RSA CA G2
*  SSL certificate verify ok.
* using HTTP/1.x
> POST /up/v1/capture-contexts HTTP/1.1
Host: apitest.cybersource.com
User-Agent: Swagger-Codegen/1.0.0/php
Accept:  application/jwt
Content-Type:  application/json
v-c-merchant-id: cbq_510000669_test
Signature: keyid="7e6fe91b-5753-48c5-a9c1-d403695ffa1b", algorithm="HmacSHA256", headers="host date request-target digest v-c-merchant-id", signature="/Ol7dGcL5W0HX3GXMWlpT6VT6MPXhOg9/rGsOvvrhcE="
Date: Thu, 09 Oct 2025 11:50:52 GMT
v-c-client-id: cybs-rest-sdk-php-0.0.65
Digest:  SHA-256=19h4/weJiLixmOS+G513eY7VJjklJpeJk1HUgFCmk2o=
Content-Length: 1047

< HTTP/1.1 201 Created
< v-c-merchant-id: cbq_510000669_test
< v-c-session-id: a655c014-b2d1-4721-a3f9-a2ba5abad12d
< content-type: application/jwt
< cache-control: no-store
< pragma: no-cache
< content-length: 5861
< x-envoy-upstream-service-time: 16
< date: Thu, 09 Oct 2025 07:50:53 GMT
< server: istio-envoy
< Connection: keep-alive
< Strict-Transport-Security: max-age=31536000
< v-c-correlation-id: 28954bca-2c0a-43ab-b1e9-73fc3fca1c10
< X-OPNET-Transaction-Trace: 5f3257e4-1d41-4a51-848f-80f132d6b33e-1180516-27355591
< 
* Connection #0 to host apitest.cybersource.com left intact
*   Trying 66.185.182.49:443...
* Connected to apitest.cybersource.com (66.185.182.49) port 443
* ALPN: curl offers h2,http/1.1
*  CAfile: D:\xampp\htdocs\ahmed-admin-qa\vendor\cybersource\rest-client-php\lib\ssl/cacert.pem
*  CApath: none
* SSL connection using TLSv1.2 / ECDHE-RSA-AES256-GCM-SHA384
* ALPN: server did not agree on a protocol. Uses default.
* Server certificate:
*  subject: jurisdictionC=US; jurisdictionST=Delaware; businessCategory=Private Organization; serialNumber=802339; C=US; ST=California; L=Foster City; O=Visa International Service Association; CN=apitest.cybersource.com
*  start date: Jul  7 00:00:00 2025 GMT
*  expire date: Jul  6 23:59:59 2026 GMT
*  subjectAltName: host "apitest.cybersource.com" matched cert's "apitest.cybersource.com"
*  issuer: C=US; O=DigiCert Inc; CN=DigiCert EV RSA CA G2
*  SSL certificate verify ok.
* using HTTP/1.x
> POST /up/v1/capture-contexts HTTP/1.1
Host: apitest.cybersource.com
User-Agent: Swagger-Codegen/1.0.0/php
Accept:  application/jwt
Content-Type:  application/json
v-c-merchant-id: cbq_510000669_test
Signature: keyid="7e6fe91b-5753-48c5-a9c1-d403695ffa1b", algorithm="HmacSHA256", headers="host date request-target digest v-c-merchant-id", signature="ythzeZTFJscb7UbP1KTDSL2H0LBKY6sncWLZKwP6H64="
Date: Thu, 09 Oct 2025 11:51:33 GMT
v-c-client-id: cybs-rest-sdk-php-0.0.65
Digest:  SHA-256=19h4/weJiLixmOS+G513eY7VJjklJpeJk1HUgFCmk2o=
Content-Length: 1047

< HTTP/1.1 201 Created
< v-c-merchant-id: cbq_510000669_test
< v-c-session-id: b5301fe1-fb13-4d15-befe-06a41cf6ddd1
< content-type: application/jwt
< cache-control: no-store
< pragma: no-cache
< content-length: 5861
< x-envoy-upstream-service-time: 21
< date: Thu, 09 Oct 2025 07:51:34 GMT
< server: istio-envoy
< Connection: keep-alive
< Strict-Transport-Security: max-age=31536000
< v-c-correlation-id: 9cac802d-98fb-479c-957a-efd5165463d3
< X-OPNET-Transaction-Trace: 255df1e0-83d6-4275-89d7-91f2b2cc0c4e-1210023-27373546
< 
* Connection #0 to host apitest.cybersource.com left intact
*   Trying 66.185.182.49:443...
* Connected to apitest.cybersource.com (66.185.182.49) port 443
* ALPN: curl offers h2,http/1.1
*  CAfile: D:\xampp\htdocs\ahmed-admin-qa\vendor\cybersource\rest-client-php\lib\ssl/cacert.pem
*  CApath: none
* SSL connection using TLSv1.2 / ECDHE-RSA-AES256-GCM-SHA384
* ALPN: server did not agree on a protocol. Uses default.
* Server certificate:
*  subject: jurisdictionC=US; jurisdictionST=Delaware; businessCategory=Private Organization; serialNumber=802339; C=US; ST=California; L=Foster City; O=Visa International Service Association; CN=apitest.cybersource.com
*  start date: Jul  7 00:00:00 2025 GMT
*  expire date: Jul  6 23:59:59 2026 GMT
*  subjectAltName: host "apitest.cybersource.com" matched cert's "apitest.cybersource.com"
*  issuer: C=US; O=DigiCert Inc; CN=DigiCert EV RSA CA G2
*  SSL certificate verify ok.
* using HTTP/1.x
> POST /up/v1/capture-contexts HTTP/1.1
Host: apitest.cybersource.com
User-Agent: Swagger-Codegen/1.0.0/php
Accept:  application/jwt
Content-Type:  application/json
v-c-merchant-id: cbq_510000669_test
Signature: keyid="7e6fe91b-5753-48c5-a9c1-d403695ffa1b", algorithm="HmacSHA256", headers="host date request-target digest v-c-merchant-id", signature="KPs/QkjXMaKmAemrWgvE7PCcTuz/iIoEfN6e6QQnLsU="
Date: Thu, 09 Oct 2025 11:51:47 GMT
v-c-client-id: cybs-rest-sdk-php-0.0.65
Digest:  SHA-256=j/ev47LxfOWFwLK6V/6SJI727NA5hcYMX9SuGAWySbc=
Content-Length: 1047

< HTTP/1.1 201 Created
< v-c-merchant-id: cbq_510000669_test
< v-c-session-id: 69debf2f-874e-405e-81bd-d3e3bd02de5e
< content-type: application/jwt
< cache-control: no-store
< pragma: no-cache
< content-length: 5861
< x-envoy-upstream-service-time: 25
< date: Thu, 09 Oct 2025 07:51:48 GMT
< server: istio-envoy
< Connection: keep-alive
< Strict-Transport-Security: max-age=31536000
< v-c-correlation-id: eb8c2826-39a9-4f1e-9a0b-a47140cf2a9f
< X-OPNET-Transaction-Trace: 934de25f-e7ea-4bd1-be1c-02ab3dbc7a6b-1228642-27418317
< 
* Connection #0 to host apitest.cybersource.com left intact
*   Trying 66.185.182.49:443...
* Connected to apitest.cybersource.com (66.185.182.49) port 443
* ALPN: curl offers h2,http/1.1
*  CAfile: D:\xampp\htdocs\ahmed-admin-qa\vendor\cybersource\rest-client-php\lib\ssl/cacert.pem
*  CApath: none
* SSL connection using TLSv1.2 / ECDHE-RSA-AES256-GCM-SHA384
* ALPN: server did not agree on a protocol. Uses default.
* Server certificate:
*  subject: jurisdictionC=US; jurisdictionST=Delaware; businessCategory=Private Organization; serialNumber=802339; C=US; ST=California; L=Foster City; O=Visa International Service Association; CN=apitest.cybersource.com
*  start date: Jul  7 00:00:00 2025 GMT
*  expire date: Jul  6 23:59:59 2026 GMT
*  subjectAltName: host "apitest.cybersource.com" matched cert's "apitest.cybersource.com"
*  issuer: C=US; O=DigiCert Inc; CN=DigiCert EV RSA CA G2
*  SSL certificate verify ok.
* using HTTP/1.x
> POST /up/v1/capture-contexts HTTP/1.1
Host: apitest.cybersource.com
User-Agent: Swagger-Codegen/1.0.0/php
Accept:  application/jwt
Content-Type:  application/json
v-c-merchant-id: cbq_510000669_test
Signature: keyid="7e6fe91b-5753-48c5-a9c1-d403695ffa1b", algorithm="HmacSHA256", headers="host date request-target digest v-c-merchant-id", signature="wV3PFHL8shgQxAuDgw2KRbKBrh6uQzSkApZS/bgtE2o="
Date: Thu, 09 Oct 2025 14:37:37 GMT
v-c-client-id: cybs-rest-sdk-php-0.0.65
Digest:  SHA-256=r7N0+W4ZspKAyFzFBrAYgTA8TGVIbkuwa9nyUlEtUFw=
Content-Length: 1046

< HTTP/1.1 201 Created
< v-c-merchant-id: cbq_510000669_test
< v-c-session-id: 17318250-f4a4-44ef-b5e2-118a1ea04499
< content-type: application/jwt
< cache-control: no-store
< pragma: no-cache
< content-length: 5858
< x-envoy-upstream-service-time: 24
< date: Thu, 09 Oct 2025 10:37:38 GMT
< server: istio-envoy
< Connection: keep-alive
< Strict-Transport-Security: max-age=31536000
< v-c-correlation-id: 6d4a6a00-ee0e-4713-be53-efc8dbd3f6bd
< X-OPNET-Transaction-Trace: 934de25f-e7ea-4bd1-be1c-02ab3dbc7a6b-1228642-27562854
< 
* Connection #0 to host apitest.cybersource.com left intact
